ลำดับ,ชื่อเพจ,ประเภทเพจ,ลิงก์โพส,ข้อความ,ประเภทโพส,ไลก์,แชร์,คอมเมนต์,ยอดวิว,อายุ(วัน),วันที่โพส,คะแนนข่าว,คะแนน Evergreen
1,"TrendTech","AI","https://www.facebook.com/permalink.php?story_fbid=pfbid02U2FzXB5JSVxArN6Y1WaNd3nshMRgBTRHgv3nD3yXv4EHdLYdqWXH9X73Dcruqn3Tl&id=100050619873591","สร้าง AI ให้ทำงานแทนคุณแบบ 24 ชั่วโมง ด้วยการใช้ Claude Cowork ง่าย ๆ ใน 5 นาที ไม่ใช้พื้นฐานเทค ไม่มีตั้งค่า ใครก็สามารถทำได้ . ยังมาแรงแบบไม่แผ่วกับตัว Claude Cowork ได้ข่าวว่าตอนนี้ หลายบริษัทเริ่ม",photo,2435,3837,21,0,56,"2026-03-23T00:00:22.000Z",8,5.5
2,"TrendTech","AI","https://www.facebook.com/permalink.php?story_fbid=pfbid02wKoid6NVdvxGgMRBZNJaqs7MhzJDQwWMqdWN2zkHbfM8NXA4MUYsF1ALzjMRwiPal&id=100050619873591","สรุป Claude Code ครบจบในโพสต์เดียว อธิบายด้วยภาษาคนสำหรับคนทั่วไป ไม่ใช่สายเทคก็เข้าใจง่ายและนำไปต่อยอดเองได้ . หลายคนที่ตามเพจเราอยู่ไม่ได้เป็นสายเทค แต่ก็มีความสนใจในเรื่อง AI และการเขียนโปรแกรมขึ้น",photo,2060,4055,15,0,41,"2026-04-07T00:00:10.000Z",7.8,6.5
3,"TrendTech","AI","https://www.facebook.com/permalink.php?story_fbid=pfbid0erexeYifi2ERULng1p9erKmyoFk4HiFUpdY1v9QdoNYSLM6K8w15mwVgzbRHfkbdl&id=100050619873591","ผมไม่ใช่เศรษฐี  ร้อยล้าน  แต่มันคือ  พันล้าน  เปิดเทรนอาชีพของมหาเศรษฐีปี 2026 สรุปสิ่งที่พวกเขาฝากถึง Generation ถัดไป . ไม่แน่ใจมีใครเคยคิดเหมือนแอดไหม ถ้าเราอยากสำเร็จ เราก็ต้องไปคุยกับคนที่เขาสำเร",photo,2316,3703,32,0,45,"2026-04-03T00:00:39.000Z",9,4.5
4,"TrendTech","AI","https://www.facebook.com/permalink.php?story_fbid=pfbid0My3JtckGEa4h397LZqfaym4zipcSGFQYafcuUvLKCdaQbKpqCC5T7P1h5uCp7qtAl&id=100050619873591","แจกวิธีใช้ Claude Code แบบไม่ต้องเสียเงิน ด้วยการใช้งานผ่าน OpenRouter แบบง่าย ๆ บอกลาการจ่ายรายเดือน สายฟรีไม่ควรพลาด . เพจ TrendTech ขอตบกลับมาสาย Tech บ้างฮ่าา วันนี้มาพูดถึง Claude Code กันบ้าง เร",photo,1796,2902,8,0,58,"2026-03-21T00:00:01.000Z",8.5,4
5,"TrendTech","AI","https://www.facebook.com/permalink.php?story_fbid=pfbid05v2NUsdZtDGTL1UzhmXKxHr7eApFaTzHqLV7oPrBxxbT6HtGeBnWccxsctuMQv97l&id=100050619873591","ชายคนนี้สร้างรายได้หลักต่อเดือนจากเว็บด้วยวิธี Engineering as marketing ไม่ต้องพึ่งแอด ไม่ต้องทำการตลาด . ห่างหายไปสักพักกับเรื่องราวของ SaaS และ AI วันนี้เอากลับมาให้หายคิดถึงกันหน่อยนะ ชายคนนี้ไม่ชอ",photo,1280,2043,19,0,49,"2026-03-30T00:00:19.000Z",8.2,7.5
6,"TrendTech","AI","https://www.facebook.com/permalink.php?story_fbid=pfbid028BJ19FvWMUmJxocDnQByojNp8yCBun2hNZ3oLhngVL1FwWkzQrazPaqrQXVuP17pl&id=100050619873591","คู่รักคู่นี้ค้นพบวิธีสร้างรายได้ในยุค AI งานตรวจสอบผลลัพธ์จาก AI แบบ WFH ที่ทำที่ไหนทำเมื่อไรก็ได้ . ช่วงนี้แอดเจอเรื่องที่มีการพูดคุยเกี่ยวกับ Data annotation เยอะมาก มีโอกาสพอดีเลยลองเข้าไปหาข้อมูลด",photo,1231,1585,34,0,59,"2026-03-20T00:00:33.000Z",8.8,6.8
7,"TrendTech","AI","https://www.facebook.com/permalink.php?story_fbid=pfbid0qDkM3GRKHyKuQbBy96yKuw3aiNo1FdtbdvMwTpBPxTx3MpDLqa1wpvNNXJrr4o6zl&id=100050619873591","ไม่ต้องเสียเวลาเรียน n8n กว่าหลาย 10 ชม. สร้าง automation แทนด้วย Claude Code ใช้งานง่าย ทำได้หลากหลายและรวดเร็วกว่า . กลายเป็น Old way automation ไปแล้วสำหรับ n8n รู้สึกยังไม่รู้อะไรกระจ่างเลย ไปซะแล",photo,910,1471,22,0,53,"2026-03-26T00:00:38.000Z",7,4
8,"TrendTech","AI","https://www.facebook.com/permalink.php?story_fbid=pfbid0pgWk84vfwdRP7Cto8LxWQ8q62ndnSe3F7oSk4c3KnUtsfUBy41uV9poSq8LuEeK4l&id=100050619873591","ชายคนนี้สามารถทำเงินได้จากการเล่น IG Meta ใหม่ปี 2026 ที่เปลี่ยนผู้ติดตามเป็นรายได้ โดยใช้ระบบ Automation  ManyChat  . IG นี่ถือเป็นอีก 1 social media ที่ทั้งคนรุ่นกลางและรุ่นใหม่เล่นกันเยอะมาก แต่แอด",photo,716,1582,8,0,47,"2026-04-01T00:00:14.000Z",8,6
9,"TrendTech","AI","https://www.facebook.com/permalink.php?story_fbid=pfbid02uL3Ryo5BtUp278hoDF4PcYkuEeMxbkkVhqw5mPGeH5pogrtagARKJ9ZGHfDfyErel&id=100050619873591","สรุป 7 features ของ Claude Cowork จากการใช้งานจริงกว่า 100 ชั่วโมง Features สุดโหดที่ทำแทนคุณได้ทุกอย่าง . มาช้าแต่มานะ ฮ่าา เขาเห่อกันจนเลิกเห่อแล้ว โทษทีครับ แอดพึ่งมีเวลาไปลอง ฮ่าา เจอคลิปนี้พอดี ถ",photo,646,1610,8,0,61,"2026-03-18T00:00:03.000Z",7,6
10,"TrendTech","AI","https://www.facebook.com/permalink.php?story_fbid=pfbid0A6oF2AmTovUP13wtmuaoRYofa2q9hVQ89RNQ2nWBqJzRxwcE9jSEtSY3MGhs8zHcl&id=100050619873591","Clone Application ที่มีมูลค่าถึง 400 ล้าน ด้วยการใช้ AI และ มันทำสำเร็จได้ใน 1 ชั่วโมง ไม่ต้องจบสายเทคก็ทำได้ ใช้แค่ Prompt เท่านั้น . ปัญหานี้ Classic เลย อยากทำอะไรสักอย่างของตัวเอง แต่ไม่รู้จะเริ่ม",photo,898,1225,43,0,55,"2026-03-24T00:00:04.000Z",9,5
11,"TrendTech","AI","https://www.facebook.com/permalink.php?story_fbid=pfbid02LvD7CWTdhfoAj6MXsbhVSGxk6KvDkrbPApZ2hkKRixvCAMTdyiaC7YhANzPDeyHHl&id=100050619873591","ชายคนนี้ทำเงินได้กว่า  10 ล้านบาท จากการสร้าง 5 เว็บไซต์ด้วยตัวเอง และ AI พร้อมแชร์วิธีลับที่ใช้ ให้เอาไปตามได้ . ทำแอป AI คนเดียว 5 ตัว ขายได้รวม 320 547 ดอลลาร์ แถมหลายตัวไม่ได้เริ่มจากไอเดียสุดล้ำอ",photo,591,1271,10,0,62,"2026-03-17T00:00:05.000Z",9,7
12,"TrendTech","AI","https://www.facebook.com/permalink.php?story_fbid=pfbid0fhag9LqhcwTdgBSjVRhZWC4cCv1LezXBsjEP5F75oV4MsqX9Nf9HgdFdR1K9rDq9l&id=100050619873591","โดนแล้งโดนอีก เธอคนนี้โดน lay-off 2 ครั้งติด จาก 2 บริษัทยักษ์ใหญ่ ที่ยังไล่คนออกอย่างต่อเนื่อง ทั้ง ๆ ที่เธอใช้ AI ในการทำงานได้ดีกว่าคนอื่น . ที่แอดช็อคไม่ใช่แค่โดน lay-off 2 ครั้งนะ แต่มันคือการไล่",photo,991,598,36,0,48,"2026-03-31T00:00:02.000Z",8,6
13,"TrendTech","AI","https://www.facebook.com/permalink.php?story_fbid=pfbid0aY217Rbu6qwjGABtinSzYhLCLzxeQX8oPrxVdfzbYAZzbUyqe4GAtGYum6jJyzcpl&id=100050619873591","จากคนเป็นหนี้ 5 ปีที่แล้ว สู่เศรษฐีเงินล้านด้วยการขาย Digital Products แบบดั้งเดิม แต่ใช้ custom AI มาช่วยจนรวยรายได้ถล่มทลาย . โอเค อ่านก่อนนะ อ่านให้จบก่อน ก่อนลงไปเมนต์กัน ฮ่าา อย่างน้อยก็อ่านวรรคน",photo,568,1036,9,0,50,"2026-03-29T02:00:34.000Z",8,7
14,"TrendTech","AI","https://www.facebook.com/permalink.php?story_fbid=pfbid054SegrytQGZUqyt17MQWU3bjuSXawEzE8sDv2d1yqgsjV3fNUoNHQaHxLUQo3xF8l&id=100050619873591","แจกฟรี!! คอร์สสอน AI มูลค่าหลักหมื่น Authropic เปิดสอนใช้ AI อย่างเป็นทางการ ใครอยากเรียน AI จริงจังฟรี เชิญทางนี้ . ในฐานะคนที่กำลังอยากเรียน AI แต่ไม่มีเงิน ฮ่าา อันนี้เป็นอีกเรื่องที่น่าสนใจมากครับ",photo,419,1002,10,0,38,"2026-04-10T00:00:47.000Z",9,7
15,"TrendTech","AI","https://www.facebook.com/permalink.php?story_fbid=pfbid02HuPxwXBhVtk9kRRgjBD2Jrn8UTJ1toeb2hPn3xdqmPwcREwZmKwconspLY63Txzl&id=100050619873591","สร้างเงินจาก 0 จนถึง 1 ล้านบาทเดือน ภายในระยะเวลา 3 เดือน โดยใช้ AI ทำทุกอย่าง และนี่คือความลับทั้งหมดที่เขาเอาชนะตลาดได้ . บอกก่อนเลยนะ ยาวแน่ ๆ ฮ่าา ใครไม่ชอบอ่านยาว ๆ ข้ามไปที่สรุปฉบับสั้นได้เลยนะค",photo,398,948,10,0,36,"2026-04-12T02:00:39.000Z",9,6
16,"TrendTech","AI","https://www.facebook.com/permalink.php?story_fbid=pfbid0B3d2d9HRh41JMVRyaU9zboUX6p2fQptGN6YoL7boy51cNQNs2JeNunccbZs6SstNl&id=100050619873591","สาย Introvert ไม่ควรพลาด แชร์วิธีทำเงินแบบไม่พึ่ง Personal brand แต่สร้างรายได้มหาศาล นี่คือขั้นตอนทั้งหมด . แอดเป็นอีกคนที่เป็น Introvert สงกรานต์ก็ไม่ได้ไปไหน ชอบอยู่บ้าน ตอนนี้ก็อยู่บ้านแฟน ฮ่าา อย",photo,368,853,6,0,35,"2026-04-13T02:00:41.000Z",9,8
17,"TrendTech","AI","https://www.facebook.com/permalink.php?story_fbid=pfbid0q84whVXwBKSxJQmc782J2hFuE7QQCHJraQYwDCd2KHw62HJAmqN4v9yYE3RNztf2l&id=100050619873591","ไม่ต้องคิดใหม่ แค่ทำตามก็สร้างเงินได้ ชายคนนี้ตั้งต้นจากแอปที่ประสบความสำเร็จ แล้วต่อยอดมาทำแอปตัวเองที่ทำเงินได้มหาศาล . ก่อนอื่น ๆ ดักพวกดราม่าก่อน Clone คือการทำเหมือน หรือ การลอกเนอะ แต่บอกเลย มัน",photo,292,641,1,0,39,"2026-04-09T00:00:02.000Z",7,7
18,"TrendTech","AI","https://www.facebook.com/permalink.php?story_fbid=pfbid0NS1rSgAbYMAbyTjfaM2V7P42ZYJCkGYy48TmwGgvYZVtq5Qf7YjQcMuzsaosx3K9l&id=100050619873591","อดีตผู้บริหาร Google X เผย แนวทางและงานที่ควรทำในปี 2026 - 2027 เพื่อเอาตัวรอดจาก AI ที่กำลังจะสมบูรณ์ . จริง ๆ แอดเคยทำสรุปคลิปสัมภาษณ์ของ Mo Gawdat แล้วล่ะ โชคดีที่เขาดันมาออก podcast ของช่องโปรด Si",photo,343,584,6,0,40,"2026-04-08T00:00:12.000Z",8,5
19,"TrendTech","AI","https://www.facebook.com/permalink.php?story_fbid=pfbid02nnsAKNGnRiSszZDoA8aonP3UncvgkURCKXcaCV1BD9E4oyGFKAHts5gKeY6qM8dZl&id=100050619873591","นักศึกษาคนนี้สร้างธุกิรเสริมออนไลน์ ที่ทำเงินกว่า 300 000 บาทต่อเดือน จากเรื่องง่าย ๆ ที่หลายคนมองข้าม (ไม่มีขายตรง หรือ ขายประกัน) . ขอจั่วหัวแบบนี้ไว้ก่อน ฮ่าา เดี๋ยวโดนหาว่ามาหาดาวราย หรือมาขายประก",photo,271,597,1,0,60,"2026-03-19T00:00:04.000Z",8,6
20,"TrendTech","AI","https://www.facebook.com/permalink.php?story_fbid=pfbid02kgsrHkbRbk1jggacFGPXcrZFRr2nnLBLjXQFE1NyHU9VxcxHm2X21h7zWvtunMYil&id=100050619873591","จากการส่องว่าใคร Unfollow เราใน IG สู่แอปพลิเคชันที่ทำงานได้ถึงหลักแสนต่อเดือน นี่คือวิธีการที่เขาใช้ โดยไม่พึ่งแอดเลยสักบาท . ใครที่ตามเพจมา น่าจะเห็นแอดทำเรื่อง SaaS มานับไม่ถ้วนละ นี่ก็เป็นอีกหนึ่ง",photo,298,467,3,0,57,"2026-03-22T02:00:01.000Z",8,6
21,"TrendTech","AI","https://www.facebook.com/permalink.php?story_fbid=pfbid0NbQbN75DPAAXEQaAkNfBDjVnuxCMvgqPuou7K63kFuwuekXu7EJXywsNvZXGrgSml&id=100050619873591","คนสายเทึจะไม่มีงานทำแล้วจริงหรือ? เปิดผลสำรวจตลาดงานสายเทคปี 2026 ปัญหาและความท้าท้ายใหม่ที่ไม่ใช่แค่ AI เท่านั้น . ตอนนี้การจะสมัครงานทีนึง ความยากเพิ่มขึ้นหลายเท่าเลยล่ะ หลายคนอาจจะเข้าใจว่าเพราะ AI",photo,362,348,4,0,54,"2026-03-25T00:00:30.000Z",7,6
22,"TrendTech","AI","https://www.facebook.com/permalink.php?story_fbid=pfbid0GUN9sERuFXvPaLmtcMGkCvTQzpi5UEUHLNNxG9XsAM8h8g39VM5v66N5yupi8hRAl&id=100050619873591","5 ขั้นตอนการทำธุรกิจออนไลน์ปี 2026 Roadmap การสร้างรายได้ 100k/เดือน ใครอยากทำแต่ไม่รู้จะเริ่มยังไง ทำตามนี้ได้เลย . มาอัปเดท Meta สาย Online Business กันหน่อย ว่าปีนี้ ถ้ายังอยากสร้างรายได้จากการทำธุ",photo,181,440,2,0,37,"2026-04-11T02:00:08.000Z",8,7
23,"TrendTech","AI","https://www.facebook.com/permalink.php?story_fbid=pfbid0MntFj1CKjf4XsCAxWf7gzVWjah9Bb4ppeRzDnTXmsZRKrs2yGBp5L32MXDV5szrpl&id=100050619873591","ชายอายุ 25 ปีสร้างบริษัทมูลค่าร้อยล้านเหรียญจากการสร้าง Platform Software as a Servuce และนี่คือจุดเริ่มต้นและวิธีที่เขาทำทั้งหมด . เดี๋ยวนี้ CEO อายุน้อยลงกันเรื่อย ๆ  อีกหน่อยอายุ 7 ขวบก็คงเป็น CEO ",photo,218,371,3,0,42,"2026-04-06T02:00:25.000Z",8,7
24,"TrendTech","AI","https://www.facebook.com/permalink.php?story_fbid=pfbid02MusZKWxdsvavdM7b2sa3nas3tHnyBsqttfcEJJnYK2NLLcExvwbyyKh5ZtBwPMsKl&id=100050619873591","ทั้งบริษัทมีแค่ marketing 1 คนกับ AI อีก 40 ตัว ประหยัดค่าใช้จ่ายให้บริษัทไปได้กว่า 1.6 ล้านบาท ยุคที่ AI ไม่ใช่แค่ช่วย แต่สามารถแทนคนจริงได้แล้ว . มันเร็วจนเราไม่ต้องคิดถึงคำว่าตามทันเลยจริง ๆ  พึ่งไ",photo,237,292,0,0,46,"2026-04-02T00:00:01.000Z",9,7
25,"TrendTech","AI","https://www.facebook.com/permalink.php?story_fbid=pfbid0fZcHCYk9r7UxYCDJf5XSYitqVVBQmdo7txVKqR1H3eAgHkLerhubnpWK6QTeHAM6l&id=100050619873591","งานเข้าครั้งใหญ่ โค้ด Claude Code หลุด!!! ความลับการทำงานของ AI ถูกเปิดโปงทั้งหมด กระทบถึงข้อมูลผู้ใช้งานที่ไม่ปลอดภัยอีกต่อไป . ไม่รู้จะขำหรือร้องไห้ดี ฮ่าาา ไม่คิดไม่ฝันว่าบริษัทเจ้าของ AI ที่เป็นกร",photo,184,284,6,0,44,"2026-04-04T02:00:01.000Z",9,2
26,"TrendTech","AI","https://www.facebook.com/permalink.php?story_fbid=pfbid0348pUE9FKYrBxrxpdeEDcrVFBrenWvAnw9QwsuTD9VYGrk6Lm4c5GJdHkA3oZv3s6l&id=100050619873591","สร้างรายได้กว่า 10 ล้านดอลลาร์ให้ตัวเอง และ 90 ล้านดอลลาร์ให้บริษัททลูกค้าระดับโลก โดยการใช้สิ่งที่เรียกว่า DM Automation . สูตรคลาสิกเลย จากคนที่นอนฟอกเก่า ๆ เน่า ๆ สู่ CEO ระดับ 10 ล้านดอลลาร์ แถมลู",photo,80,165,0,0,43,"2026-04-05T02:00:03.000Z",9,6
27,"TrendTech","AI","https://www.facebook.com/permalink.php?story_fbid=pfbid02x452LHpB5SeDuCBGoRZ8nkxiiCtpcGxAVVuUDCphjr5aMdWu3pz4dm6TnrvKyRZpl&id=100050619873591","สร้าง Automation ราคาหลักแสนเองฟรี ๆ ด้วย Excel และ LinkedIn โดยใช้ Cowork ระบบปิดการขายอัตโนมัติที่ทำเองได้ง่าย ๆ  . มา ก่อนจะดราม่า อย่างน้อย อ่านย่อนี้ให้จบก่อนนะครับ ปกติแล้วก็จะมี SaaS หลายตัวในต",photo,30,196,0,0,51,"2026-03-28T01:00:01.000Z",7,7
28,"TrendTech","AI","https://www.facebook.com/permalink.php?story_fbid=pfbid01FWbGs9pKAVZSs9magwayMpvUKhrBLbzGz7HixWdbRj4yCRvjPKWipcokjB9cme3l&id=100050619873591","สอนวิธีการสร้าง AI ที่ตอบได้ตรงใจคุณที่สุด ด้วยการใช้แค่ Claude และ Obsidian โดยไม่หาข้อมูลจากเน็ตแล้วมาตอบแบบมั่ว ๆ . ใครเคยหงุดหงิดกับคำตอบที่ AI ตอบบ้างไหม? หรือเคยคิดว่าที่ตอบมา มันไปหามามั่ว ๆ จา",photo,55,110,0,0,34,"2026-04-14T02:00:04.000Z",7,8
29,"TrendTech","AI","https://www.facebook.com/permalink.php?story_fbid=pfbid0328BWXDupNWABJQEN3MjJceYm6vDuTNfNCRtoksJxLcuURD8ugL1oD11hzsQrVgFKl&id=100050619873591","ถ้าความจริงแล้ว AI แทนเราไม่ได้ล่ะ? แชร์แนวคิดเอาชนะ AI และอยู่รอดต่อไป ยุคใหม่ที่คนและ AI ทำงานร่วมกันได้ . Trend กระแสใหม่กำลังมา หรือจริง ๆ แล้ว AI ไม่ได้แทนเราได้? จริง ๆ แอดก็ทำบทความเรื่องนี้มาเ",photo,36,58,0,0,52,"2026-03-27T00:00:00.000Z",8,9
30,"TrendTech","AI","https://www.facebook.com/permalink.php?story_fbid=pfbid02coWJYDQPRmycKVVRc76yLPsfU6paLVgakDxNxBjcr1SLaXpukmxB7GhFhKyYXFxKl&id=100050619873591","🎉Trendtech เปิดรับสปอนอย่างเป็นทางแล้วค้าบบ🎉  ลูกค้าผู้ใจดีท่านไหนสนใจอยากได้โพสต์เกี่ยว Tech ในการช่วย  - โปรโมทสินค้าบริการ - งานสัมนา - งานกิจกรรม - หรือ ประชาสัมพันธ์ และ อื่น ๆ   ติดต่อทาง IB ห",photo,4,1,0,0,42,"2026-04-05T14:31:41.000Z",3,1