ลำดับ,ชื่อเพจ,ลิงก์โพส,ข้อความ,ประเภท,ไลก์,แชร์,คอมเมนต์,ยอดวิว,วันที่โพส
141,Thongchai Thampueak,https://www.facebook.com/chaivsai/posts/pfbid0L1oMN6SPfaNTBkTwx7cEXTnHC5wRzAC5JwGcFQExDKTGUe7biHsLeKS9xqB7cWHVl,🚨ไปเจอฟีเจอร์นึงที่โคตรเปลี่ยนเกมสายเอกสาร  Anthropic เอา Claude ฝังตรงเข้าไปใน Microsoft Word แล้ว  ไม่ใช่แค่ช่วยเขียน แต่มันแก้เอกสารทั้งไฟล์แบบรักษาฟอร์แมต + ใส่ Track Changes ให้ครบ  ใครทำ propos,photo,2724,4554,38,0,2026-04-21T05:24:11.000Z
240,Thongchai Thampueak,https://www.facebook.com/chaivsai/posts/pfbid0cD1MV3ABeFTEjzeEHyWyNSRrY8HGPwyMfv5DG5AdjvHKmhQ5uJVfMS4eFtxu2PM6l,🚨 มีคนปล่อย setup ของ Claude Code ที่โคตรครบ — และฟรี 100% ขึ้นอันดับ #1 trending บน GitHub  ของข้างในไม่ใช่แค่ tool แต่คือ วิธีใช้ AI แบบโปร เช่น → 84 tips จาก Boris Cherny + ทีม Anthropic → Subagen,photo,1009,1896,13,0,2026-04-13T12:29:55.000Z
268,Thongchai Thampueak,https://www.facebook.com/chaivsai/posts/pfbid02xj4u13y2pHch24b1jJav8w2iWVYbC3eWydsteRN3RaXHgTe6k1iamBXcGeucEbKGl,🚨มีคน clone ระบบ AI ระดับโปรของ Anthropic ออกมา…แล้วปล่อยฟรี   Multica ไม่ใช่แค่ให้ AI ตอบเก่ง แต่มันให้คุณ “มีทีม AI” ทำงานแทนได้เลย  สร้าง agent → โยนงาน → มันแยก workspace → ทำงานจนจบ  ที่โหดคือ ง,photo,1204,1866,34,0,2026-04-11T02:37:17.000Z
159,Thongchai Thampueak,https://www.facebook.com/chaivsai/posts/pfbid027uuTB6DbmFH8G8tVmrZefWkkms7tLQXmJUCZTrWFFjhArXZ6aWSpbk2RUReEfQvcl,🚨 หยุดเผา token ทิ้ง โดยไม่รู้ตัว  คุณอาจไม่ได้ใช้ Claude แพงขึ้น แต่กำลังเสียเงินไปกับสิ่งที่ model ไม่ควรต้องคิด  หลายทีมเจอเหมือนกัน context หมดไว ค่า API พุ่ง แต่คุณภาพงานเท่าเดิม  เพราะคุณกำลังย,photo,702,1458,16,0,2026-04-19T16:56:00.000Z
256,Thongchai Thampueak,https://www.facebook.com/chaivsai/posts/pfbid04srpzr8AW4cRaJRkgaBFh8PXZnWtCpiMJjL73gycPv6YX4xXaSuoro3LaotDvzNgl,🚨 ใครยังทำสไลด์มืออยู่…เหนื่อยฟรีแล้ว 😅 ตอนนี้ Gemini สร้าง Microsoft PowerPoint ระดับมืออาชีพได้ในไม่กี่นาที  ผมสรุป ขั้นตอนจริงที่ใช้ได้เลย  ⚡ วิธีสร้าง PowerPoint ด้วย Gemini (โปรจริง ไม่มั่ว)  1,photo,319,1217,19,0,2026-04-12T04:03:54.000Z
211,Thongchai Thampueak,https://www.facebook.com/chaivsai/posts/pfbid02Zz8xJffxjgq5hmAYcMPWD7UpzbZY8hjiSh4mFYSzb8eZxZr4jmSDR1qJrscgD1cul,🚨มีคนไปทำ repo บน GitHub ที่รวม Voice AI ทั้งจักรวาลไว้ที่เดียว แล้วที่พีคคือ ฟรีทั้งหมด  ลองนึกภาพตาม อัดเสียงใครก็ได้แค่ 3 วินาที → อัปโหลด → กดรัน AI พูดออกมาเป็นเสียงนั้นเลย ทั้งภาษา น้ำเสียง อาร,photo,578,968,11,0,2026-04-15T14:57:00.000Z
274,Thongchai Thampueak,https://www.facebook.com/chaivsai/posts/pfbid0emeBUsMT9pzku86Cw85PF7gijFpbgSnsSKx38ZTAYx1cRK7N3R2ep6V14WPJ3JGbl,🚨เจอของดีสำหรับสาย dev + AI แบบไม่ต้องคิดเยอะ  autoskills คือเครื่องมือที่ทำให้การตั้งค่า AI ในโปรเจกต์หายปวดหัวไปเลย จากเดิมที่ต้องเลือก tools เอง เซ็ตเอง เขียน config เอง ตอนนี้เหลือแค่คำสั่งเดียว ,photo,591,891,7,0,2026-04-10T13:32:51.000Z
124,Thongchai Thampueak,https://www.facebook.com/chaivsai/posts/pfbid0DzDba7ti7VXD3zMg569WyU5hvqJoWHWLrdxedXzDxJRgTYDJS2ZXjmQbMxKzp2PRl,🚨16GB RAM ก็รัน Local LLM ให้ใช้งานจริงได้ ไม่ต้องทรมานเครื่อง  นี่คือ shortlist ของโมเดลขนาดเล็กที่ใช้ได้จริงบน Mac Mini หรือ laptop ทั่วไป ยังเหลือ RAM ให้ context และ workflow อื่น ไม่ใช่รันแล้วเค,photo,618,845,30,0,2026-04-22T04:15:32.000Z
205,Thongchai Thampueak,https://www.facebook.com/chaivsai/posts/pfbid02TAaXnc2GBLJJcYmntnRCzb9VBQhAkLvdZ4chTARmLYz3Uej1E8BPBGCTPTqj88BAl,🚨ถ้าไม่ใช่คนที่ติดตาม AI เป็นประจำอาจจะคิดว่า Claude เป็นแค่ Chatbot ทั่วไป แต่ ณ วันนี้… มันกลายเป็น “ระบบทำงานครบวงจร” ไปแล้ว  หลายคนยังใช้มันเหมือนปี 2024 ถาม-ตอบ จบ แต่ของจริงในปี 2026 คือใช้มันเ,photo,514,800,17,0,2026-04-16T12:07:21.000Z
266,Thongchai Thampueak,https://www.facebook.com/chaivsai/posts/pfbid0AAJZ9XumWHTHjDH7ETrvfzTuNRF7b1Y43DZPat3teAdbmqQ3iuj7xGTqFgEWgoLRl,🚨ของฟรีจาก Microsoft แต่ความสามารถระดับโปร   ตัวนี้ชื่อ VibeVoice เป็น AI เสียงแบบครบจบในตัวเดียว พูดง่ายๆ คือ เอาไฟล์ประชุมยาวๆ มาโยนเข้าไป แล้วมัน “เข้าใจทั้งบทสนทนา” ไม่ใช่แค่แปลงเสียงเป็นตัวหนังส,photo,608,774,15,0,2026-04-11T05:01:38.000Z
157,Thongchai Thampueak,https://www.facebook.com/chaivsai/posts/pfbid0mz8nPVVpfYnS6QueLkybFixngV6qkDRdDuqUGzSkHm7ugi3Y25sygRsxSGhHghVGl,🚨 มีคนรวม AI Engineering curriculum ครบตั้งแต่พื้นฐาน → สร้างระบบจริงให้แล้ว ฟรี  มี 260+ บทเรียน 20 phases เรียนตั้งแต่ Math → ML → LLM → Agent → Production  . ได้ทั้งทฤษฎี + ลงมือ build จริง . ครอบ,photo,408,728,6,0,2026-04-20T00:39:42.000Z
210,Thongchai Thampueak,https://www.facebook.com/chaivsai/posts/pfbid02BQpPrt9xWdfbvnXKM3PuNLPUDBrPfyVm4wJzpm6dNFpddqscr6oaD8fwdBTZdMrJl,🚨 Anthropic มี repo รวม “Skills” มาให้แล้วบน GitHub ไม่ต้องเริ่มจากศูนย์  เหมือนมีคลัง use case จริง หยิบไปใช้ได้ ปรับต่อได้ ไม่ต้องนั่งคิด flow ใหม่ทุกครั้ง  ข้างในมีทั้ง  • ตัวอย่างการวิเคราะห์ข้อม,photo,427,727,11,0,2026-04-16T00:36:04.000Z
79,Thongchai Thampueak,https://www.facebook.com/chaivsai/posts/pfbid02eFPYyWPiZZ6JLc7L6FiAkSRFtvQqnw1WB59MTjDgSpWmF9GaLok1an37t6PmXsgGl,🚨SEO agency มีหนาว  Toprank คือ repo ที่ทำให้ Claude Code อ่าน Google Search Console แล้ว “แก้เว็บให้เลย” ไม่ใช่แค่รายงาน  สั่งครั้งเดียว ได้ทั้ง audit + แผน 30 วัน สั่งต่อว่า ทำเลย มัน rewrite title,photo,355,703,6,0,2026-04-25T01:22:36.000Z
191,Thongchai Thampueak,https://www.facebook.com/chaivsai/posts/pfbid02BZt8dhoFZmqrwmeGS1jk3T8dvS334BThuHpsLsSQyP2Bd4y1mxsnTMfpPMWRNxxRl,🚨คณิตเป็นวิชาที่ทุกคนต้องเคยเรียน แต่ปัญหาคือ…ไม่เคยมีใครให้ roadmap ที่ชัดจริงๆ  สุดท้ายเลยต้องเรียนแบบปะติดปะต่อ เปิดหลายเว็บ สลับหลายเล่ม แล้วก็หลุดทางกลางคัน 😵‍💫  จนไปเจอของนี้ใน GitHub Awesome,photo,431,686,24,0,2026-04-17T12:54:16.000Z
63,Thongchai Thampueak,https://www.facebook.com/chaivsai/posts/pfbid023d8B9QvzwM5wZFqnZggmDuyiPsnrVJyTV2SXfLSVzctEVZNSJNZfsQVxr8bdXVJjl,🚨 นี่คือปัญหาที่คนอ่านหนังสือส่วนใหญ่ไม่พูดถึง  อ่านจบ = จำไม่ได้ = ไม่ได้ใช้  หนังสือดีแค่ไหนก็ไม่มีผล ถ้ามันไม่ “กลายเป็นการกระทำ”  วันนี้เลยไม่ใช่เรื่องอ่านเพิ่ม แต่คือ “รีด value จากหนังสือเล่มเด,photo,291,650,19,0,2026-04-25T13:46:01.000Z
193,Thongchai Thampueak,https://www.facebook.com/chaivsai/posts/pfbid02AJiE9v8FZU8SQkJYZyHD6brmywjqy8ieRU3aFVa74xJRjViqs76cHJiPxihBsM7Ml,🚨Claude Code ใช้ฟรีได้แล้ว…ถ้าคุณยอม ย้ายสมองมันมาไว้ในเครื่องตัวเอง  ไม่ต้องมี API ไม่ต้องเสียค่า token ไม่ต้องส่งข้อมูลออกนอกเครื่อง  แค่เปลี่ยน backend นิดเดียว Claude Code ก็พร้อมคุยกับโมเดลที่คุ,photo,423,647,13,0,2026-04-17T10:08:00.000Z
297,Thongchai Thampueak,https://www.facebook.com/chaivsai/posts/pfbid04EQBG6cNEQbZeZhHtyqmxnLuZmWMbcs3zBoG1TExcQdbjbYt1Mt75UJxSPn5mtKol,ข่าวดีสาย local AI มาแล้ว 🔥  Gemma 4 ลง Mac แบบเนทีฟเรียบร้อย รอบนี้ปล่อย Gemma 4 E2B / E4B = โมเดลเล็กแต่โคตรฉลาด ใช้งานบนเครื่องได้จริง ไม่ต้องง้อ cloud  เบื้องหลังคือ MLX ที่ optimize มาเพื่อชิป M,photo,579,632,19,0,2026-04-07T23:21:11.000Z
89,Thongchai Thampueak,https://www.facebook.com/chaivsai/posts/pfbid02K3ZAKGDCHHLcXiJDpvzGkKceUSdtF7p6VHCzKXoNHPSjPvnDEcUYxxD2mn6H3mWwl,🚨มีคนทำ Bloomberg Terminal สำหรับสายคริปโต แล้วเปิดโอเพ่นซอร์สให้ใช้ฟรี  ชื่อว่า FinceptTerminal  มันรวมทุกอย่างไว้ในที่เดียวแบบไม่ต้องเปิด 10 แท็บให้ปวดหัว ทั้งกราฟ ตลาด พอร์ต ข่าว และ AI insight มา,photo,336,622,7,0,2026-04-23T16:08:26.000Z
291,Thongchai Thampueak,https://www.facebook.com/chaivsai/posts/pfbid0o5mM5d6m2wHb4v3JLfSwtUUZtPNh677uqSWVH4tRGVfuNiy8oBgNQBcxgeqcg2al,🚨AI Trader มาอีกแล้ว…รอบนี้ไม่ใช่แค่บอท แต่เป็น “ตลาดของเอเจนต์”   แพลตฟอร์ม open-source ที่ให้ AI agent  • ปล่อย signal  • ถก strategy กันเอง  • และ execute trade แบบอัตโนมัติครบ 7 asset  flow คือสั,photo,410,599,10,0,2026-04-08T11:17:38.000Z
265,Thongchai Thampueak,https://www.facebook.com/chaivsai/posts/pfbid02zLmetBAmCHhP8bXswtmLdu9FxP9uL9t9RQ6PNh9HLxiMtXpEGEhvaF3NYiXGXaMZl,🚨มาอีกละ ของโคตรดีที่คนส่วนใหญ่ “มองข้าม”   ไฟล์เดียว แต่เปลี่ยนวิธีใช้ AI ไปเลย: CLAUDE.md  มันคือไฟล์ที่ถูกโหลดเข้า context “ทุก message” ไม่ใช่แค่ตอนเริ่ม แต่ทุกครั้งที่คุย → แปลว่า AI จะจำ mindse,photo,306,594,2,0,2026-04-11T07:14:51.000Z
83,Thongchai Thampueak,https://www.facebook.com/chaivsai/posts/pfbid0kgTC73U1JiCGdbgDWmtGYzmqk6TitKSqLma4tb6XckAUyKDFfEGmxS3UaRtzwYFcl,🚨มี repo หนึ่งที่ เสนอววิธีลดค่า Claude Code ได้สูงสุดประมาณ 90% โดยไม่ต้องเปลี่ยนโมเดลเลย  แนวคิดคือเอา proxy มาคั่นระหว่าง shell กับ AI แล้วจัดการ output ก่อนเข้า context เช่นพวก git diff  npm test,photo,452,591,16,0,2026-04-24T12:34:37.000Z
190,Thongchai Thampueak,https://www.facebook.com/chaivsai/posts/pfbid02FqMQ4x2ZFY2b1JDUM8X6A8GDE9H3R86VGfytqrvmcHQmdQYoqjQusk4cD57hQhoAl,ใช้ Claude อยู่ทุกวัน…แต่คุณอาจเลือก “โมเดลผิด” มาตลอด  โพสต์นี้คือแผนที่ลัด เลือกให้ตรง งานจบไวขึ้นแบบคนละเรื่อง  เซฟไว้ก่อน แล้วค่อยเลื่อนอ่าน 👇  จดจำ Claude tree นี้ไว้ ก่อนจะพิมพ์ prompt รอบหน้า ,photo,339,584,8,0,2026-04-17T14:06:56.000Z
199,Thongchai Thampueak,https://www.facebook.com/chaivsai/posts/pfbid0LFn8N33YVp6frk4htoaTuPNdzobzzKWhSWnLPEH3mF59hygWNwis72EcY7njxvKhl,🚨เวิร์กช็อป 25 นาทีจากทีม Applied AI ของ Anthropic อันนี้คือของจริง  ดูจบเข้าใจ Claude Code แบบใช้งานได้จริง มากกว่าคอนเทนต์ AI ที่ไถผ่านมาทั้งปีรวมกัน  ไม่ใช่แค่สอนใช้ แต่สอนให้ “เครื่องมือ AI ทำงาน,photo,303,568,11,0,2026-04-16T15:41:43.000Z
295,Thongchai Thampueak,https://www.facebook.com/chaivsai/posts/pfbid0NcQCFaDbtJ135Yaxwshwb96Hdu1QLHcVWzBTSg2o5xBB8SZmU1M6YXJW1YPHAJbRl,🚨มีคนปล่อยของโคตรดีออกมาแบบเงียบๆ   OpenDataLoader คือ open-source tool ที่แปลง PDF ได้เร็วระดับ ~100 หน้า/วินาที (รันบน CPU)  จุดเด่น  • Extract เป็น Markdown / JSON / HTML ได้ทันที  • รองรับ layout,photo,414,564,19,0,2026-04-08T01:32:42.000Z
253,Thongchai Thampueak,https://www.facebook.com/chaivsai/posts/pfbid0TdzULhMrdmUGXaqcNWKjciFY49APDckyS1CKNpJdpmUuVMZAbLyNzfr8v79rw5Psl,🚨AI coding agent จะเก่งจริง ไม่ใช่แค่ prompt ดี - ต้องมี process  นี่คือ Agent Skills ที่หยิบ best practices ระดับ production มาให้ AI ใช้ได้ตรงๆ  20 skills + 7 slash commands ครบทั้ง lifecycle  /spe,photo,343,561,3,0,2026-04-12T06:27:54.000Z
218,Thongchai Thampueak,https://www.facebook.com/chaivsai/posts/pfbid02Fn5M9dkDZUsnJ8FK5xGq4wg7ieSiYrnrsZd7whHCo5Y8QuYfn5N7msaxzEEcaGc5l,🚨อยากรู้มั้ยครับว่า…ทำไม Design → Code ถึงยังไม่เนียนสักที ทั้งที่มี AI แล้ว  สรุปจาก Figma คือ ไม่ได้ติดที่ AI ไม่เก่ง แต่ติดที่ input  ปัญหาเดิมที่หลายทีมยังใช้  • เอา screenshot ไปให้ AI → มันเดา ,photo,308,553,1,0,2026-04-15T04:33:36.000Z
280,Thongchai Thampueak,https://www.facebook.com/chaivsai/posts/pfbid0NcWWCYLGyRwQsuA3o2Ftea2ajRnhmA5BBD3tT3oWYuBogbePcQvvC78BFLEGwTFVl,🚨 มีคนสร้างเครื่องมือที่เปลี่ยน “ไฟล์รกๆ” ให้กลายเป็น Knowledge Graph ใน 48 ชั่วโมง  Graphify เปลี่ยนทุกอย่างในโฟลเดอร์ ให้ AI เข้าใจแบบเป็นระบบ  • แค่คำสั่งเดียว graphify ./raw  • จาก folder ธรรมดา ,photo,327,526,3,0,2026-04-09T15:15:27.000Z
161,Thongchai Thampueak,https://www.facebook.com/chaivsai/posts/pfbid0tN2fwvnV4Anjkp5JvCBXsejS12cVP7xixjgrKeKWEXA7k9Lezo5fhRXYYJQzz5Sbl,🚨 Claude-obsidian คือหนึ่งในโปรเจกต์ที่น่าสนใจมาก เพราะมันเปลี่ยน Obsidian จากแอปจดโน้ต ให้กลายเป็น knowledge engine ที่จัดการทุกอย่างให้แบบอัตโนมัติ  จุดเด่นของ repo นี้อยู่ที่การทำให้ workflow ทั้ง,photo,307,520,2,0,2026-04-19T13:59:47.000Z
258,Thongchai Thampueak,https://www.facebook.com/chaivsai/posts/pfbid0kSoRFi8BG2bnvjGe99qLhUWX2kVoyLhCxebwRmavbP78GrJuxtBYT12MSdtaDXzDl,🚨มีวิธีทำให้ Claude สร้างภาพได้แล้ว  ทำตามนี้  ✦ Open @claudeai ✦ ไปที่ Settings → Connectors ✦ กด “Add Custom Connector” ✦ วาง URL นี้: mcp. pixa. com/mcp  Claude จะกลายเป็น AI ทำภาพครบ flow ทันที ท,photo,150,511,3,0,2026-04-12T00:15:35.000Z
11,Thongchai Thampueak,https://www.facebook.com/chaivsai/posts/pfbid0oCFL9c38gTsh2qryUjxdJRnveM8eMVbwV7Xr2r5Nh5RYM7HHrUDV7tocX3fyBt9kl,🚨มีคนทำของโคตรน่าสนใจขึ้นมา เป็น Blueprint สำหรับ Claude Code แบบลงมือทำตั้งแต่นาทีแรก  • ไม่ใช่คอร์สดูวิดีโอ • ไม่ใช่ tutorial ยาวๆ • แต่เป็น interactive flow ให้ Claude สอนคุณไปพร้อมกับการใช้งานจริ,photo,326,507,4,0,2026-05-01T15:11:12.000Z
29,Thongchai Thampueak,https://www.facebook.com/chaivsai/posts/pfbid0GE4yAKuqnZNLjrPwWUjBxVhtrtrCPo1LRyLHpXPGuvzy9wq65pH1RPB63VKyUFt6l,🚨ไอเดียนี้ไม่ใช่แค่ปรับ RAG แต่มันกำลังเปลี่ยนวิธีคิดของ knowledge base ทั้งระบบ ตอนนี้คุณค้นหา PDF 500 หน้าได้ โดยไม่ต้องตัด chunk หรือทำ embedding อีกต่อไป  Andrej Karpathy เคยตั้งคำถามไว้ชัดมาก ถ้,photo,376,492,10,0,2026-04-29T00:13:51.000Z
84,Thongchai Thampueak,https://www.facebook.com/chaivsai/posts/pfbid02jDp7XX1QYhwHtEp5uiMeTbuCjmFXFYedYaYqmcv77tFWG5D3sd7PKwNKKU5PrdMZl,🚨 มีคนปล่อย open source “knowledge graph engine” สำหรับ codebase  ชื่อว่า GitNexus ไม่ใช่แค่ docs แต่เป็นชั้น intelligence ของโค้ด map dependency  call chain และ execution flow ทั้งระบบ แล้วต่อกับ Cl,photo,276,458,2,0,2026-04-24T11:20:07.000Z
167,Thongchai Thampueak,https://www.facebook.com/chaivsai/posts/pfbid0ENVo6hVqLdSYyGvMeTrVpqNNhJMfAEavaRW1Rdzq2UiHXprC2YFbGckKvHn5gRpvl,🚨 โพสนี้ควรเซฟ ถ้าคุณอยู่สาย AI x Finance  Top 10 GitHub repo ที่โตแรงสุดสัปดาห์นี้ มันคือ blueprint ของอนาคตการเงิน  1. Kronos (shiyu-coder/Kronos)     foundation model สำหรับกราฟราคา     เอา OHLCV ,photo,203,444,2,0,2026-04-19T09:13:05.000Z
172,Thongchai Thampueak,https://www.facebook.com/chaivsai/posts/pfbid0uSwASfWfo2GFe5sr3VoP35pc7R5HsbMyo3SxNtuKgPPphWsUVsQojUuELanTkdPLl,🚨 หนังสือสาย Quant ระดับโปร “เปิดให้อ่านฟรี”  Machine Learning for Trading Third Edition โดย Stefan Jansen  นี่ไม่ใช่แจก sample 2-3 หน้า แต่คือเปิดทั้งระบบให้เรียนจริง  คุณจะได้อะไรบ้าง  27 chapters ,photo,225,431,12,0,2026-04-19T00:25:22.000Z
252,Thongchai Thampueak,https://www.facebook.com/chaivsai/posts/pfbid02GxmaNM7ZM2nv5X59HoPhZMSuzcJL2SRrMPvAaoDZeNr9F3YnfwQ39s7FLn3CRAbVl,🚨 ฟรี Roadmap สาย Agentic AI ปี 2026  หนังสือจาก Lamhot Siagian สอนตั้งแต่พื้นฐาน → RAG → Agent → Multi-agent → Deploy  ไม่ใช่แค่ใช้ AI แต่สร้าง AI ที่ คิดและทำงานเองได้  AI ยุคใหม่ = system design >,photo,272,422,8,0,2026-04-12T08:04:55.000Z
8,Thongchai Thampueak,https://www.facebook.com/chaivsai/posts/pfbid0niwm1hiNkJpUPgjBQD1QmLL1ajd2EGUrsTjJWL1RnKTyAJysbhq6qrAgLCZ6TjpAl,🚨ฟรี PDF Roadmap Agentic AI ปี 2026 ของดีแบบนี้ แชร์หรือโหลดเก็บไว้ครับ  อยากเป็น Agentic AI Engineer แต่คำถามจริงคือ…คุณอยู่เลเวลไหนแล้ว  Roadmap นี้ไม่ใช่แค่เรียน AI แต่มันคือการอัปเกรดจาก “คนใช้ A,photo,311,400,16,0,2026-05-02T01:49:27.000Z
174,Thongchai Thampueak,https://www.facebook.com/chaivsai/posts/pfbid0Ddo8RTPxM97BjR9oPGhYYjd84p75saaFCaqF4vmagrrXk1nrRnN1ALonvYkZinNLl,🚨Claude Code x TradingView กำลังเปลี่ยนเกมของสายเทรดแบบเงียบ ๆ  จาก AI ที่เคย “คุยเก่ง” ตอนนี้มัน “ดูกราฟเป็น” แล้ว  แค่ setup ครั้งเดียว คุณจะได้ผู้ช่วยที่  . อ่านกราฟ realtime . วิเคราะห์ trend ตาม,photo,255,377,6,0,2026-04-18T13:50:09.000Z
103,Thongchai Thampueak,https://www.facebook.com/chaivsai/posts/pfbid0LcRGH73r7opbSXD2DegJLSGcHryGTUvvww45jNEwBict6EB6188kZaYYTQbxeXdAl,🚨Local LLM สำหรับเครื่อง 32GB จุดที่เริ่มแตะระดับ flagship จริง  หลายคนยังคิดว่า local = ของเล่น แต่พอขึ้นมาที่ 32GB มันเริ่มแทน cloud ได้บาง use case แล้วจริงๆ  นี่คือชุดที่ใช้แล้วคุ้ม RAM 👇  ตัวหล,photo,291,367,25,0,2026-04-23T00:47:33.000Z
32,Thongchai Thampueak,https://www.facebook.com/chaivsai/posts/pfbid0nUXfvBjE3VHcSNyJNPky4q4JsGb7zDHrgG9TMy2utA4MkyXYB6sdyDBgagnj12VJl,🚨 GitHub Repo นี้ กำลังกลายเป็น resource ที่ครบสุดของปี 2026  รวม 1000+ AI tools แบบ open source อัปเดตต่อเนื่อง ใช้ได้จริง ไม่ใช่แค่ลิสต์โชว์ของ  นี่ไม่ใช่ลิสต์สำหรับมือใหม่ แต่นี่คือ stack ที่ dev ,photo,239,359,7,0,2026-04-28T13:39:28.000Z
233,Thongchai Thampueak,https://www.facebook.com/chaivsai/posts/pfbid0Zq5H14vq7MVAffqYDjSEhL56ja7BqLY3igLUXrWSsG6Phpq2dSjtxW7HKRA6mXPnl,🚨 ข่าวใหญ่ที่หลุดออกมา: Anthropic ปล่อยสัญญาณแรง Claude Opus 4.6 ไม่ได้มาแค่เขียนโค้ด  แต่มันกำลังจะ “สร้างโปรดักต์ทั้งตัว” ได้  สิ่งที่หลุดออกมา  Claude สามารถ  • สร้าง full-stack app จาก prompt สั้,photo,339,333,6,0,2026-04-14T07:46:45.000Z
246,Thongchai Thampueak,https://www.facebook.com/chaivsai/posts/pfbid02xsuzShjsrTNqhCKNVVCdJhqovudUHh4WJKZ42my9q9cf6pLiZRAf4BgFFJneWa2Ml,🚨 เครื่องมือนี้กำลังทำให้ “เว็บ” กลายเป็น “แอป” ได้ง่ายกว่าที่เคย  WebToApp แปลง URL เป็น Android APK ได้ในไม่กี่วินาที โดยไม่ต้องแตะ Android Studio หรือเขียนโค้ดเลย  สิ่งที่น่าสนใจไม่ใช่แค่ความง่าย ,photo,285,330,4,0,2026-04-13T02:33:46.000Z
51,Thongchai Thampueak,https://www.facebook.com/chaivsai/posts/pfbid0ed1nErjFp59rhHm8KJanG32JyC4wRKGuitR7D1GweKbZjnpgLKTdP9ttiQvUTgGpl,🚨64GB RAM คือจุดที่ Local LLM เริ่ม “แทน SaaS ได้จริง”  แทบไม่ต้องพูดอะไรกันเยอะแล้ว ถ้าตอนนี้ คุณเริ่มรันโมเดลระดับโปรได้ ทั้งเขียนโค้ด วิเคราะห์ คิดเชิงเหตุผล ไปจนถึง multimodal  นี่คือ cheat sheet,photo,283,329,18,0,2026-04-26T10:40:56.000Z
80,Thongchai Thampueak,https://www.facebook.com/chaivsai/posts/pfbid0auymVof1rTMbdPgMk2wQZuBkaWccvjcXtxWHZvTTAapWHPkXaPg7VrBBUgaF5gA9l,🚨 ยาลดอาการหลอนของ AI Agents มาแล้ว  Future AGI คือแพลตฟอร์มที่ไม่ได้แค่ดูว่า agent พังตรงไหน แต่มันรักษา + ทำให้ดีขึ้นได้ในระบบเดียว  ก่อนหน้านี้เวลา agent หลอน คือรู้ตัวอีกทีตอนพังแล้ว  แต่ตัวนี้เป,photo,201,327,2,0,2026-04-24T16:34:51.000Z
173,Thongchai Thampueak,https://www.facebook.com/chaivsai/posts/pfbid02y5vj7m7z8gv8RCLZLveeiFgshBV5Zf2VBktwiZT8oLuDLczFgb9qva9KenA9ve4zl,🚨AI เขียนโค้ดเร็วขึ้นก็จริง แต่ของจริงใน production มันวัดกันที่รอดหรือพัง  Agent Skills เลยไม่ได้สอนให้เขียนเก่งขึ้นอย่างเดียว แต่มันจัด “กระบวนการทำงาน” ให้ AI ทำแบบเป็นระบบตั้งแต่ต้นจนจบ  Flow มัน,photo,216,322,4,0,2026-04-18T15:26:18.000Z
275,Thongchai Thampueak,https://www.facebook.com/chaivsai/posts/pfbid0XsH47tVfkb7qU7DMhYU5yyABW9dcDRGwjzCr7ibHx4BuBgRgxh3dWawiDUhuoYHNl,🚨 Google ปล่อย Google Skills เรียน AI จาก 0 ได้เลย  แพลตฟอร์มจาก Google ที่รวมทุกอย่างไว้ให้ครบ ทั้ง AI  programming และ cloud เรียนแบบมีเส้นทางชัด พร้อมลงมือทำจริงผ่าน lab บน Google Cloud ไม่ต้อง se,photo,224,310,6,0,2026-04-10T12:49:29.000Z
53,Thongchai Thampueak,https://www.facebook.com/chaivsai/posts/pfbid02JQKEDPV9YmqGz1e84wA2JxR45GTpZACBRLiPKhW1jFEVz8A2F3vb49X8Dfr7kNadl,🚨นี่ไม่ใช่แค่ prompt ดีขึ้น แต่มันเปลี่ยนวิธีใช้ AI ไปเลย  Prompt Master คือ skill ที่เขียน prompt ให้คุณแบบจบในรอบเดียว  ไม่ต้องลองผิดลองถูก ไม่ต้องเผาเครดิต ไม่ต้องพิมพ์ใหม่รอบ 4😅  สิ่งที่มันทำจริ,photo,183,298,4,0,2026-04-26T07:35:24.000Z
281,Thongchai Thampueak,https://www.facebook.com/chaivsai/posts/pfbid0mgmd62rZDTP5M8CXPRkM7mUetfD8rCwG9dCTnoJBRQjw89pKiHF2uxBRfEYQTPxSl,🚨ยุคใหม่ของการ Fine-tune AI มาถึงแล้ว บน Mac ของคุณเอง  Gemma Multimodal Fine-Tuner ทำให้ Gemma เรียนรู้ได้มากกว่าข้อความ ทั้งภาพ เสียง และข้อมูลเฉพาะทางของคุณ ในเครื่องเดียว  สิ่งที่น่าสนใจคือ คุณสา,photo,264,297,9,0,2026-04-09T13:48:16.000Z
288,Thongchai Thampueak,https://www.facebook.com/chaivsai/posts/pfbid0GpMuMxu5J11wPnhAZcTv3EkCxcPpHqQf7NVqgsxCwLh5mZoqSS6gc3ySNYKjZK4zl,🚨 วงการ Pentest มีของใหม่: METATRON  เครื่องมือ Open-Source ที่เอา AI มาช่วยเจาะระบบ…แบบ รันในเครื่อง 100%  ไม่ต้องใช้ API ไม่ต้องต่อ cloud ไม่ต้องกลัวข้อมูลหลุด  มันคือ penetration testing assistant,photo,126,294,3,0,2026-04-08T14:26:30.000Z
182,Thongchai Thampueak,https://www.facebook.com/chaivsai/posts/pfbid02PnKztQmFu9hK4FaFqc5wPBvS4HhWr9tKCaXdvBJLQCAZyfiBNxUJLLABP5th6SFGl,🚨แพ็กเกจ $20/เดือนของ Claude เพียงพอสำหรับงานระดับมืออาชีพ  แต่จะคุ้มค่า ก็ต่อเมื่อคุณเลิกทำ 17 พฤติกรรมที่เปลืองโทเคน ต่อไปนี้  1. อัปโหลด PDF ตรงๆ     หนึ่งหน้าใช้ได้ถึง 3 000 โทเคน     แนวทาง: แปล,photo,142,282,0,0,2026-04-18T00:08:28.000Z
70,Thongchai Thampueak,https://www.facebook.com/chaivsai/posts/pfbid02YwJp5nHVdbxvYhGzbi2jZmaTm56ftv5Q18bbKNxuxYcC9yitbHGeCv27Co75Ptwgl,🚨GitHub มีของดีที่คนยังไม่ค่อยพูดถึงตัวนี้  QuantDinger คือแพลตฟอร์ม AI สำหรับสาย quant ที่ทำครบตั้งแต่คิดไอเดีย → เขียนกลยุทธ์ → backtest → ยิง live trade ในที่เดียว แบบ self-host จริงจัง ไม่ใช่ของเ,photo,141,280,2,0,2026-04-25T07:43:50.000Z
285,Thongchai Thampueak,https://www.facebook.com/chaivsai/posts/pfbid0Vqsoc29wkbK9rhbwTdKXY7jWmDkiWyQpVHXePJJa7z4ctcH63NnyJRgiNVcP3L4ql,🚨 AI กำลัง ขโมย DNA ของ UI ระดับพันล้าน มาใช้ได้ในคลิกเดียว  มีคน reverse-engineer design system ของบริษัทระดับโลก 31 เจ้า แล้วอัดรวมเป็นไฟล์เดียว ให้ AI อ่านแล้ว เลียนแบบได้ทันที  ชื่อโปรเจกต์: Awes,photo,179,259,8,0,2026-04-09T08:03:20.000Z
68,Thongchai Thampueak,https://www.facebook.com/chaivsai/posts/pfbid09EToRcpspUWzLa3JrFLKN5V3AhcK1yCy3gLW6es1BJwGa9fyBDfgRFEvqFSHdjxPl,🚨เลิกจ่ายค่าเครื่องมือเทรดแพงๆ ได้แล้ว  stack ระดับโปร มีครบแบบ open-source  • OpenBB – ใช้แทน Bloomberg ดึงข้อมูล วิเคราะห์ ครบในที่เดียว • Freqtrade – สร้างบอทเทรด crypto ปรับกลยุทธ์ได้เอง • FinGPT,photo,134,257,4,0,2026-04-25T08:16:07.000Z
263,Thongchai Thampueak,https://www.facebook.com/chaivsai/posts/pfbid02K9Lsc1DFVBiJf8Zs2yR38qmsoipeiUkXkK3rJsTtudbRVugUEXJfhmxz7fURaW4Fl,🚨 SKILL.md กำลังเปลี่ยน AI จาก แค่ตอบคำถาม → มีสกิลจริง  ไฟล์เดียว ทำให้ AI กลายเป็นผู้เชี่ยวชาญเฉพาะทาง ไม่ต้องยัด prompt ยาวๆ โหลดใช้เฉพาะตอนจำเป็น → เร็วขึ้น ถูกลง ฉลาดขึ้น  เขียนครั้งเดียว ใช้ได้,photo,187,250,0,0,2026-04-11T13:28:43.000Z
62,Thongchai Thampueak,https://www.facebook.com/chaivsai/posts/pfbid02XSvUHUHmHvWf4vnuwGoLe471Rrm6dzVUZxr8Uy1EzfmrcY7Ne6Sjw8SkmU4jn3rkl,🚨 AI สรุปวิดีโอได้มันเก่าไปแล้ว ตอนนี้คือ AI เข้าใจวิดีโอทั้งเรื่อง จริงๆ  ก่อนหน้านี้ workflow คือยุ่งและเสียเวลา ต้องแคปภาพ แยกเสียง ทำ transcript แล้วค่อยเอาเข้า AI สุดท้าย context ก็ยังหายอยู่ดี ,photo,191,242,1,0,2026-04-25T14:50:10.000Z
214,Thongchai Thampueak,https://www.facebook.com/chaivsai/posts/pfbid02GjLSrBeBKNVC3NBYJoohyPjE7BGxri6Aq5XYgNmtaFVhZhfEmA7rZnrbZPQo6qG3l,🚨 มีคนทำ repo นี้ไว้ดีมาก สำหรับสายที่อยากสอบ + อยาก build ของจริงไปพร้อมกัน  รวบรวม “แนวคิด + วิธีคิด” สำหรับสอบ Claude Certified Architect - Foundations เอาไว้ครบในที่เดียว  ไม่ใช่แค่สรุปให้อ่าน แต,photo,121,230,2,0,2026-04-15T12:16:44.000Z
97,Thongchai Thampueak,https://www.facebook.com/chaivsai/posts/pfbid033kmXucWAL5T4GqvqJGNCLaEvDnR9iEipEznQiMfMTHqoDJLK5zgKpDbF75uJco63l,🚨มาเงียบ แต่กระแทก ecosystem เต็มๆ  Anthropic ปล่อยฟีเจอร์ third-party inference ใน Claude Desktop ให้ Claude Cowork และ Code ใช้โมเดลอื่นแทนได้  🔸Pain ที่ผ่านมาเราโดนผูกกับ model เดียว อยากใช้ UX ด,photo,180,229,16,0,2026-04-23T11:55:27.000Z
131,Thongchai Thampueak,https://www.facebook.com/chaivsai/posts/pfbid022hW6BuMf78idwSNjma6LokLLrkoU1AiFj9kVTmGQ554MAKJ4CTcxGYVQLh9Zgdnfl,🚨 ไปเจอโปรเจคนี้แล้วแบบ…ของจริงสาย knowledge management   เครื่องมือนี้เอาโน้ต/เอกสารที่เราดองไว้ → แปลงเป็นโครงสร้างแบบ Wikipedia อัตโนมัติ ไม่ใช่แค่เก็บ แต่ “จัดระเบียบความรู้” ให้เลย  แกนมันโคตรตร,photo,185,218,8,0,2026-04-21T15:06:09.000Z
231,Thongchai Thampueak,https://www.facebook.com/chaivsai/posts/pfbid099z5J5F1v4wENVgEbdPTwoeYxc8FTzBq64DVrL3tpUyUxJEkPH33KYb7NiQNoR9il,🚨AI อ่านลายมือหมอได้แล้วจริงดิ? ปกติจะมีแค่วิชาชีพสุขภาพที่พอจะอ่านออก  มีคนปล่อยของชื่อ Chandra โมเดล OCR ยุคใหม่ที่จัดการ “สิ่งที่ OCR แพ้มา 30 ปี” ได้แบบโคตรโหด  จุดเด่นคือไม่ได้แค่อ่านออก…แต่มัน ,photo,166,211,8,0,2026-04-14T09:41:35.000Z
100,Thongchai Thampueak,https://www.facebook.com/chaivsai/posts/pfbid0AGRGatB9VcW1ShCmDBb1oCRTrxzYbvMYUeD1ZyuzbCLPRBzqncbhoH4VwCRgKpbrl,🚨มาเร็วมาก ของโคตรมีประโยชน์สำหรับสาย image AI  GPT Image 2 prompt collection บน GitHub ใช้ได้จริงแบบไม่ต้องปรับเยอะ มีให้กว่า 700 prompt ใช้ฟรี จัดมาเป็นระบบแล้ว  รองรับ 16 ภาษา รวมไทยด้วย copy → pa,photo,134,206,19,0,2026-04-23T08:39:04.000Z
272,Thongchai Thampueak,https://www.facebook.com/chaivsai/posts/pfbid0XCwjKWwg3yELbNuELrE3s92bmrQJ1oZkDCY1gr3GpjSizk9uaNdZC6fQS4inmaSJl,🚨ทำเว็บเอกสาร ไม่ต้องยุ่งอีกต่อไป  มีตัวนึงชื่อ docmd แค่สั่งครั้งเดียวก็เริ่มเขียนได้เลย ไม่ต้องตั้งค่าอะไรเพิ่ม  คุณแค่เขียน Markdown ธรรมดา มันจะแปลงเป็นเว็บเอกสารให้ทันที พร้อมใช้งาน โหลดไว และมี,photo,144,195,4,0,2026-04-10T14:15:14.000Z
217,Thongchai Thampueak,https://www.facebook.com/chaivsai/posts/pfbid0sBE8nFJUBUZyiTdggqSHu3VB2LqASJtt1oV3vPNZZmASKypVVouztXwKa2hHGrDhl,🚨Google Chrome เพิ่มฟีเจอร์ใหม่ “Skills”  เปลี่ยน prompt ที่ใช้บ่อย ให้กลายเป็นปุ่มกดครั้งเดียวจบ  เรียกใช้ผ่าน Gemini พิมพ์ / หรือกด + ก็รันได้ทันที ทำงานกับหน้าเว็บหรือหลายแท็บพร้อมกัน  ทำอะไรได้บ้,photo,123,188,4,0,2026-04-15T05:17:47.000Z
260,Thongchai Thampueak,https://www.facebook.com/chaivsai/posts/pfbid02k72r4ZyhxBpXndDdbBvYRqTcb6vReD29UMfc64QEkDxWP87w3cZAbpRUzgZvhyeQl,🚨 Document extraction เปลี่ยนเกมแล้วจริง  LandingAI ปล่อย ADE Extract API มาแก้ pain เดิมๆ ที่สาย data เจอทุกวัน  จากเดิม ต้อง chunk เอกสาร → extract ทีละก้อน → stitch เอง → พังตอน format เปลี่ยน   ข,photo,133,184,4,0,2026-04-11T14:57:26.000Z
158,Thongchai Thampueak,https://www.facebook.com/chaivsai/posts/pfbid026zcNNBuaifbRmi3Lk9u7FEY2ejoixc7QaM6AUrAAmF9qfpqV3uijuxhU7fTBb2q2l,เอกสาร PDF นี้กำลังอธิบาย “วิธีสร้างมนุษย์ดิจิทัล” โดยการจำลองสมองจริงทั้งก้อน  แนวคิดคือค่อยๆ scale จากหนอน 302 neurons ไปจนถึงสมองคน ~86 พันล้าน neurons  จุดที่น่าสนใจคือ วันนี้ “คอมพิวเตอร์พอแล้ว” ,photo,144,181,2,0,2026-04-19T23:55:56.000Z
239,Thongchai Thampueak,https://www.facebook.com/chaivsai/posts/pfbid02zmZWnBVbwCZSw2Xwmk75QavN5LfDa6svQiieGK8JJnnfSB8fmmM4ZMov1ZSRAaCxl,🚨 Google เพิ่งปล่อยของโคตรดี…แบบที่ใช้กันหลังบ้านมานาน  มันชื่อ Magika : เครื่องมือตรวจ “ตัวตนจริง” ของไฟล์ ไม่ใช่แค่ดูนามสกุล  ของจริงคืออะไรบ้าง  • เปลี่ยน malware เป็น .pdf → มันรู้  • ปลอม script,photo,164,180,4,0,2026-04-13T14:10:07.000Z
113,Thongchai Thampueak,https://www.facebook.com/chaivsai/posts/pfbid0Cxv8i5561WnQtkqXcNu1y9e2ojhbMzGxmDTKUJqU4kcKAcSMYtHoPKd8Z2U12ESxl,🚨 Anthropic มี workshop สอนการเขียน prompt สำหรับ Claude  เนื้อหาไม่ได้ซับซ้อน แต่สิ่งที่ต่างคือเขาออกแบบ prompt ให้ใช้งานจริงได้ ไม่ใช่แค่ให้ตอบสวย  เลยมีคนเอาแนวคิดนั้นมาทำเป็น skill  prompting (v2,photo,106,176,1,0,2026-04-22T14:28:31.000Z
238,Thongchai Thampueak,https://www.facebook.com/chaivsai/posts/pfbid0r6kypKbP9yc8pcBZ7fpTdJh66MKpSfkoFxMGs9YQuVRnfgHDXf9TUU4fmMT6vSeVl,🚨 PowerPoint อาจกำลังจะตกยุค  ตอนนี้ใช้ Claude ทำ Presentation ได้ครบทั้งระบบ ตั้งแต่คิดโครง → วางสไลด์ → เล่าเรื่อง → ดีไซน์ → เขียน → ตัดให้คม  ไม่ใช่แค่ช่วยทำสไลด์ แต่มันช่วยคิดแทนทั้ง flow  ผมรวม,photo,120,174,11,0,2026-04-13T15:34:40.000Z
58,Thongchai Thampueak,https://www.facebook.com/chaivsai/posts/pfbid02q3EWLyNS8n7JEKPDAXdN251oBqLSBGY5GooMoMM8G3o3YWndRd8HCAWX6gYEkHAl,🚨Repo นี้รวม 28 โปรเจกต์ AI ที่พร้อมใช้งานจริง ไม่ใช่ demo แต่เป็นงานที่เอาไปรัน แก้ และต่อยอดได้ทันที  สิ่งที่คุณจะได้ 👇  Machine Learning • ทำนายราคา Airbnb • คำนวณค่าตั๋วเครื่องบิน • วิเคราะห์ผลก,photo,129,172,6,0,2026-04-26T01:07:40.000Z
179,Thongchai Thampueak,https://www.facebook.com/chaivsai/posts/pfbid0cbwWSN1km8DTvnfZeND7VRJgEwAQr4YSMJicSqyBq7rEAZ8rNZuzquyMipkMsok2l,🚨Repo ที่รวบรวม use case จากคนที่เอา OpenClaw ไปใช้ในชีวิตจริงไม่ใช่ demo แต่เป็น workflow ที่ copy แล้วใช้ได้เลย  🔹 โซเชียลมีเดีย • Daily Reddit Digest • Daily YouTube Digest • X Account Analysis •,photo,80,166,3,0,2026-04-18T07:24:21.000Z
183,Thongchai Thampueak,https://www.facebook.com/chaivsai/posts/pfbid07MoHXxs86EvjnxqNakZBbgDfpVSXfZ9SD1TyCeGXBqDiZHUz2ToPLWoqRkC251bYl,🚨ดีลใหม่ระหว่าง Canva x Anthropic ทำให้ Claude Design ต่อกับระบบออกแบบแบบไร้รอยต่อ  ภาพมันประมาณนี้ คิดงานใน Claude → กดปุ๊บ → ไปแต่งต่อใน Canva ได้ทันที ไม่ต้องเริ่มใหม่ ไม่ต้อง copy วน  สรุปให้เห็น,photo,145,166,2,0,2026-04-17T23:52:17.000Z
75,Thongchai Thampueak,https://www.facebook.com/chaivsai/posts/pfbid02PmTKpnj4UMCELdvxY3SJQHWPWiDYj9wLWfSAx2po1mdjX1vPzvHY9zNci6rc4t9al,🚨ปัญหา ใช้ AI เขียนโค้ดทุกวัน แต่ไม่เคยเห็นว่าต้นทุนมันไปอยู่ตรงไหน  อะไรคุ้ม อะไรเปลือง ไม่มีทางรู้ชัด เพราะทุกอย่างกระจายอยู่ในหลายเครื่องมือ  ทางแก้ CodeBurn ทำให้การใช้ AI มีตัวเลขรองรับ  มันอ่าน,photo,134,164,3,0,2026-04-25T05:25:57.000Z
264,Thongchai Thampueak,https://www.facebook.com/chaivsai/posts/pfbid0wtoFGhGouayohfTZt2EgoMksuEYx17CdpA9qvCYE1h3tJikFZHNhdZq7eLhb7zQdl,🚨ใช้ Claude AI แล้วรำคาญมันตอบเยอะไหม   เจอ repo นี้ 👉 claude-token-efficient แค่ใส่ CLAUDE.md ไว้ในโปรเจกต์ บังคับให้ Claude ตอบสั้น ไม่เวิ่น ไม่ over-engineer  ไม่ได้ลด context แต่ลด “ของที่ต้องอ่,photo,69,164,2,0,2026-04-11T12:04:59.000Z
17,Thongchai Thampueak,https://www.facebook.com/chaivsai/posts/pfbid02wWX39N3ivpYMG4QeWvmenvAX9YnAfDNz6Ac2LDFQx2hHU7CQbGDPyN2pFjX1t6fjl,🚨มีทีมขายทั้งทีม…แต่รันอยู่ใน CLI   โปรเจกต์ ai-sales-team-claude เปลี่ยน Claude Code ให้กลายเป็น “AI sales team” ตัวจริง  แค่พิมพ์คำสั่งเดียว ระบบจะปล่อย agent หลายตัวทำงานพร้อมกัน:  • Research บริษ,photo,78,147,2,0,2026-04-30T13:16:15.000Z
220,Thongchai Thampueak,https://www.facebook.com/chaivsai/posts/pfbid02eu4pcC8s1bqTYsTbiQM2kX1pGhDouNa6E1GwGwedCn8cCd2frZnewkqhMassPqxbl,🚨คอร์ส AI ฟรีจาก Microsoft ที่ไม่ได้มีดีแค่เนื้อหา…แต่มี “ภาษาไทย” ด้วย (ของหายากมาก)  คนส่วนใหญ่ติดตรงนี้ อยากเรียน AI แต่ภาษาอังกฤษเป็นกำแพง  คอร์สนี้แก้ให้เลย มีภาษาไทย (auto translate แต่เอาอยู่),photo,132,144,2,0,2026-04-14T23:13:03.000Z
129,Thongchai Thampueak,https://www.facebook.com/chaivsai/posts/pfbid0VGMD5oT8k39BJSMtAUwAdeV8UmkZgbXJuHiYvcCxXR8T9TMzfnTHo64hAPkTSUTtl,🚨 มีคนเอาหลักสูตรคณิตและวิทย์ระดับ Ivy League มา open-source ทั้งก้อน  รวมคอร์สจากมหาลัยท็อปอย่าง Harvard University  Yale University และอีกหลายที่ ไว้ในที่เดียว  ที่น่าสนใจคือ…มีของจาก MIT กับ Stanf,photo,81,141,2,0,2026-04-21T17:11:55.000Z
213,Thongchai Thampueak,https://www.facebook.com/chaivsai/posts/pfbid02H5DGX51AH9qr4VyQw9NB5KCYvp1AcYjg4b5h7ExqqZB9uypDjXRbaPaxTvL1jsSTl,🚨AI สายสร้างคอนเทนต์กำลังโดน disrupt อีกระลอก  รวมทุกตัวโหดไว้ที่เดียว ทั้ง Midjourney  Sora  Kling  Runway  Flux  Ideogram ยัน GPT-4o image gen แต่…ไม่ต้องจ่ายรายเดือน และรันเองได้  👉ชื่อมันคือ Ope,photo,104,137,7,0,2026-04-15T14:04:26.000Z
208,Thongchai Thampueak,https://www.facebook.com/chaivsai/posts/pfbid02SEC79gAVrTbTrkjcghcWk9z3z1HVhzjTeMuajf4azBM4S4xxuCqFuHwmd8FrnaMfl,🚨สายเรียน-สายสอบ มีของแรงมาอีกแล้ว  โปรเจกต์ชื่อ DeepTutor บน GitHub ตอนนี้ดาวทะลุหลักหมื่น และที่สำคัญคือ ฟรี  แนวคิดไม่ใช่คอร์สสำเร็จรูปแบบ Coursera แต่มันให้คุณ “เอาหนังสือของตัวเองมาเรียน”  สิ่งท,photo,79,125,1,0,2026-04-16T10:20:54.000Z
215,Thongchai Thampueak,https://www.facebook.com/chaivsai/posts/pfbid02BAQHL8Xhy2K5sEk5DnBUzm5gZKbFnxQGzxFBm59FSJCamQxrH9374916vQuiNNvVl,หลายคนคิดว่า prompt engineering คือแค่พิมพ์ดีๆ กับ AI  แต่จริงๆ มันคือการออกแบบ วิธีคิด ให้ Large Language Models  เทคนิคหลักที่ใช้แล้วเห็นผลจริง  𝗖𝗵𝗮𝗶𝗻 𝗼𝗳 𝗧𝗵𝗼𝘂𝗴𝗵𝘁 (𝗖𝗼𝗧) ให้โมเดลคิดเป,photo,57,120,0,0,2026-04-15T09:07:59.000Z
296,Thongchai Thampueak,https://www.facebook.com/chaivsai/posts/pfbid0T75u1LmduL7g2DKmuAvCXeWpvFfW37fp1AP5PoyTrFMPgA2K8NwYRJ54MGHnMXNgl,🚨🚨🚨เทียบกันจะๆ 5 Coding Agents ตัวท็อปตอนนี้   ภาพนี้สรุปชัดเลยว่า landscape มันเปลี่ยนไปแล้วแบบไม่ต้องเดา  1. Terminal = IDE ใหม่ นักพัฒนากำลังย้ายจาก editor ไปอยู่ใน CLI มากขึ้น ใครยังไม่คุ้น com,photo,90,119,0,0,2026-04-07T23:26:01.000Z
155,Thongchai Thampueak,https://www.facebook.com/chaivsai/posts/pfbid02rHF16Z9ar276vHWxqS6At6fFKAXg6Q3ejXmNX7A8rPB9ubP1uzXqMJDQpKn6mEDpl,🚨Anthropic Cybersecurity Skills  คลัง cybersecurity skills แบบ open-source ที่ใหญ่ที่สุดสำหรับ AI agent  ให้ AI ของคุณมีสกิลระดับ senior analyst ได้ทันที  ปัญหาคือ AI agent ทั่วไปไม่มี “ทักษะการทำงาน,photo,63,117,1,0,2026-04-20T07:47:32.000Z
148,Thongchai Thampueak,https://www.facebook.com/chaivsai/posts/pfbid02HRrTJcHfahqk2oYW6HTrfwqQQiBdoDjZZCJpgkysMBPYx5uyjvzttrAHRRWKxMgjl,🚨GitHub ปล่อยคอร์สฟรี สำหรับคนที่อยากใช้ CLI แบบมี AI ช่วยจริงจัง  GitHub Copilot CLI for Beginners มี 8 chapters + โปรเจกต์ให้ลงมือทำ  สิ่งที่น่าสนใจคือ ไม่ได้สอนแค่ใช้คำสั่ง แต่มันสอน “วิธีคิดแบบ A,photo,84,115,1,0,2026-04-20T23:57:05.000Z
16,Thongchai Thampueak,https://www.facebook.com/chaivsai/posts/pfbid0qqUCDwvwBX5aYPVjNCSwmn3CC5DNDkHVwt3MKHUtvxK7JZ1M9F8W1WEDeVUiiXGLl,🚨 AI กำลังจะเขียนโค้ดแทนคุณได้จริงแล้ว  Google x Kaggle ปล่อยคอร์สฟรี AI Agents แบบจัดเต็ม 5 วัน เน้นของจริง ไม่ใช่แค่ทฤษฎี  • Vibe Coding แค่บอกสิ่งที่อยากได้ ระบบลงมือสร้างให้เลย • เรียนตั้งแต่พื้น,photo,83,112,2,0,2026-04-30T15:57:23.000Z
164,Thongchai Thampueak,https://www.facebook.com/chaivsai/posts/pfbid0fvohuWWr6jqxvZ8MpRbvxeE6MZPGAUbwMyLkCisKNfVNePNWcMCH44yYi51aSDfhl,🚨DESIGN.md อาจเป็น missing piece ที่ทำให้ AI สร้าง UI ได้แบบมีมาตรฐาน ไม่ใช่สุ่มเดาไปเรื่อย  ที่ผ่านมาเวลาใช้ AI ทำหน้าเว็บ ต้องนั่งไล่ prompt เรื่องสี ฟอนต์ spacing ซ้ำแล้วซ้ำอีก แต่สุดท้ายก็ยังต้อง,photo,59,111,3,0,2026-04-19T12:40:33.000Z
76,Thongchai Thampueak,https://www.facebook.com/chaivsai/posts/pfbid0sBt95Tq7kdEEop7KBH7QVghK1oEGqkKTukBoZ1DRNgBeePknqmNfYxtG2S5iE7G6l,🚨 นี่คือ repo ที่กำลังเปลี่ยน AI agent จากผู้ช่วย → ผู้จัดการเงินส่วนตัว  Minara Skills  มันไม่ได้แค่ให้ AI วิเคราะห์ตลาด แต่ให้ลงมือเทรดจริงได้เลย ทั้ง crypto  หุ้น US  commodities  forex ครบในตัวเด,photo,58,110,1,0,2026-04-25T02:37:24.000Z
200,Thongchai Thampueak,https://www.facebook.com/chaivsai/posts/pfbid08EagYCpKnPjQMHrTDf1zdnhFL4uB8FoWcMQsv6m5aYBFoXcRhKeiYczQrxUjPZygl,🚨แจกฟรีหนังสือเรียน Machine Learning จาก Stanford University ระดับตัวท็อปของโลก   กับคอร์ส CS229 ที่สอนโดย Andrew Ng คนที่อยู่เบื้องหลังการบูมของ AI ยุคนี้   เนื้อหาไม่ใช่แค่สอนใช้ แต่พาเข้าใจแก่นจริ,photo,60,110,2,0,2026-04-16T15:34:42.000Z
245,Thongchai Thampueak,https://www.facebook.com/chaivsai/posts/pfbid0qKSHxDNut5XsZPL8dJJbUs1JnfQdprvkwqVgRBgTRbgmXkYnHcUSf9RvR6xmkk4Ql,🚨Claude Code เริ่มมี ecosystem แล้ว Template Hub รวม agents + workflow พร้อมใช้ ไม่ต้องเริ่มใหม่  ไม่ใช่แค่ prompt แต่คือทั้งระบบ เลือกแล้วติดตั้ง แล้วรันได้เลย  เกมเปลี่ยนจากเขียน prompt ไปเป็นจัดที,photo,94,109,1,0,2026-04-13T03:11:59.000Z
132,Thongchai Thampueak,https://www.facebook.com/chaivsai/posts/pfbid022viYwfKVH1wARq15FPx4K6bEuyxcz9ymh37rnt4zSfWBvykpMYDoUQGt6iKP7t97l,🚨สาย AI ทางการแพทย์ ห้ามพลาดลิสต์นี้ ถ้าไม่อยากเสียเวลาเป็นสัปดาห์กับการไล่หาของเอง  Awesome-AI4Med คือ resource ที่รวมทุกอย่างไว้จบในที่เดียว ตั้งแต่โมเดลอย่าง HuatuoGPT และ LLaVA-Med ไปจนถึง benchm,photo,56,107,4,0,2026-04-21T14:34:34.000Z
27,Thongchai Thampueak,https://www.facebook.com/chaivsai/posts/pfbid074sVCYt4CF3RzaN5VWXkYTx1FtZoQZQjC1TgT85k3MUpjhBDfEfyrPWHPnkGWejol,🚨มีของดีแบบนี้ บอกเลยว่า “สายเอเจนต์ต้องไม่พลาด”   คุณสามารถมี AI Agent พร้อมใช้ระดับโปร 200+ ตัว ได้จาก GitHub แค่ repo เดียว  • รวม OpenClaw Agents มากกว่า 205 ตัว ใช้งานได้ทันที • ครอบคลุม 24 use ,photo,55,103,1,0,2026-04-29T13:27:29.000Z
39,Thongchai Thampueak,https://www.facebook.com/chaivsai/posts/pfbid0THZykoE12duFRcg7mDNbWnB56bmXzxHQpUuCxAGPrHfvgkujvqtCE5D4fjppZpDrl,🚨Local LLM สำหรับเครื่อง 24GB ตอนนี้ มันไม่ใช่แค่เลือกโมเดลแล้วจบ แต่คือการ “เลือกให้เหมาะกับประเภท memory” ที่คุณใช้  • 24GB VRAM (เช่น RTX 4090) = ใช้ได้เต็มเหนี่ยว • 24GB Unified Memory (เช่น M3 P,photo,72,103,3,0,2026-04-27T13:41:21.000Z
136,Thongchai Thampueak,https://www.facebook.com/chaivsai/posts/pfbid0u4DdPGtSrWpzgPBPvR7BrNpRB5DM51TEJj4zD7wofGR4ciKie2rM2EyMfXTLueRVl,🚨ไปเจอโปรเจคหนึ่งที่กำลังแก้ pain ใหญ่ของสาย Agent แบบตรงจุดมาก  ปกติเราเปลี่ยน tool ที = agent ต้องเรียนรู้ใหม่เกือบหมด memory หาย  skill หาย  flow พัง  แต่ตัวนี้คิดใหม่เลย ทำ .agent/ ให้เป็น “สมองพ,photo,93,103,1,0,2026-04-21T11:35:52.000Z
56,Thongchai Thampueak,https://www.facebook.com/chaivsai/posts/pfbid02VKBqZrB7T6dF7h967RoLBfUMjMeWTojCsKxnyzioBiCDcBSCKaRiikTmjuuJRXsTl,🚨 หยุด เทรดแบบดูกราฟอย่างเดียว ได้แล้ว   เกมมันเปลี่ยนไปเป็น “เทรดด้วยระบบ AI” แล้วตอนนี้  นี่คือ 10 repos สาย Finance + AI ที่โตแรงแบบผิดปกติในสัปดาห์เดียว  1. FinceptTerminal (+10.7K ★) แพลตฟอร์มวิ,photo,53,101,3,0,2026-04-26T03:15:31.000Z
150,Thongchai Thampueak,https://www.facebook.com/chaivsai/posts/pfbid02DXF1z5DKDN2UiJRs1nparApheT3FJbYt38UUyhrJLLVqq6V6hcNC2J1jUH6Xci63l,🚨Skill Authoring ไม่ใช่การเขียน prompt แต่มันคือการออกแบบระบบตัดสินใจของ agent  Anthropic สรุป best practices ออกมา แล้วมันชัดว่า skill ที่ดี = predictable + scale ได้  นี่คือ 14 patterns ที่ควรรู้  ,photo,62,99,1,0,2026-04-20T15:10:05.000Z
144,Thongchai Thampueak,https://www.facebook.com/chaivsai/posts/pfbid02Kau6cfTcZeFkmvHHe6zKgevKtfRAUc1jvhU9C8eGGc8ynd6GC4Ty2Vd8hsEwKEyql,🚨ไปเจอโปรเจกต์หนึ่งบน GitHub ที่ทำให้ Claude Code reverse engineer แอป Android ได้แทบครบ flow  แค่โยน APK เข้าไป มัน decompile  ไล่ logic และ map API call ทั้งหมดให้เลย  จุดพีคคือยังอ่าน flow ได้แม้โ,photo,78,96,1,0,2026-04-21T03:02:08.000Z
36,Thongchai Thampueak,https://www.facebook.com/chaivsai/posts/pfbid0V1AksdYThaCkx8Q4iBVedF4xbAk5QZTcogjVLARsKWVAg72TsfeHbckz1AiMio4cl,🚨 Playwright อัปเดตใหม่ สำหรับสาย AI agent และ automation  Playwright CLI v0.1.9 กำลังขยับบทบาทจากเครื่องมือทดสอบ ไปสู่ execution layer สำหรับ agent ที่ทำงานกับ browser ได้จริง  ฟีเจอร์ใหม่ไม่ได้แค่เ,photo,86,91,2,0,2026-04-28T06:05:15.000Z
287,Thongchai Thampueak,https://www.facebook.com/chaivsai/posts/pfbid0dS6ugyVU1hjeLJwB36c3rVVreNunQeuxwXRVsG4iQipqAYfPj8rvYFvBUubqGMEdl,🚨คู่แข่งรายใหม่ โผล่มาท้าชน Anthropic (Cowork)👀  มีเครื่องมือชื่อ Rowboat เป็น AI ผู้ช่วยที่ ไม่ได้แค่ตอบ แต่ช่วยทำงานจริง  ทำอะไรได้บ้าง แบบเข้าใจง่ายๆ คือ  • อ่านเมล + โน้ตของคุณ  • จำทุกอย่างเป็น,photo,62,91,2,0,2026-04-08T15:58:44.000Z
278,Thongchai Thampueak,https://www.facebook.com/chaivsai/posts/pfbid02AwjVVPLkSKAqreLiWtvgnDA1SrdnBzWzwpHShMuqBkfhMmsiL23DN6azHvu32Y5kl,🚨25 ฟีเจอร์นี้ คือเหตุผลที่ Claude เริ่มทำงานแทนคนได้จริง  Claude ไม่ได้เป็นแค่แชทบอท แต่มันคือ AI workspace ครบเครื่อง  ฟีเจอร์ แบ่งเป็น 3 โหมด: Chat / Cowork / Code เข้าใจอันนี้ = ใช้ Claude ได้โคต,photo,57,88,0,0,2026-04-10T00:59:45.000Z
54,Thongchai Thampueak,https://www.facebook.com/chaivsai/posts/pfbid0oFdh1tS9TYvDppweSfwpSwF1mrig8rYyeUwYnhftczku6Lqcfd77BFmWXyrqdaWrl,🚨นี่คือชุดสกิลสำหรับให้ AI วิเคราะห์การเงินและการเทรด  AI Agent Skills สำหรับ Financial Analysis & Trading  รวม agent skills สำหรับงานวิเคราะห์การเงินและการเทรด พัฒนาตามมาตรฐาน Agent Skills  โปรเจกต์,photo,51,87,1,0,2026-04-26T05:40:20.000Z
120,Thongchai Thampueak,https://www.facebook.com/chaivsai/posts/pfbid037fNyE9aWhLP8hdPZnqrbFMS5UgagW6Xu4DonpU8onmhEqaoHG6RyFXbDcUxQNXN4l,🚨Claude Design เพิ่งเปิดตัวได้ไม่กี่วัน… แต่ตอนนี้มันไปไกลเกินคำว่าเครื่องมือออกแบบแล้ว  ล่าสุดมีคนปล่อยของเพิ่มอีก 68 สไตล์แบรนด์ สำเร็จรูป ใช้ได้ทันที  เผื่ิอใครพลาดข่าว Claude Design จาก Anthropic,photo,63,84,1,0,2026-04-22T08:36:15.000Z
149,Thongchai Thampueak,https://www.facebook.com/chaivsai/posts/pfbid02KFTcUb7jKBTJLXk5z1mjwtq5Cq9aksRd6x3w8L2ahFH8FLDPhYR6dn8oxvGzXebol,🚨Python + R ไม่ต้องเลือกข้าง ใช้ให้ถูกงานก็พอ  มีคนเอาหนังสือ Python and R for the Modern Data Scientist มาแจกฟรี เลยสรุปให้สั้นๆ  ปัญหาคลาสสิกคือคนชอบถามว่าใช้ภาษาไหนดี ทั้งที่งานจริงมันต้องใช้มากกว,photo,85,82,2,0,2026-04-20T15:21:59.000Z
250,Thongchai Thampueak,https://www.facebook.com/chaivsai/posts/pfbid0knEsxYpxfnPgGH9rhg1s6otxw7u3wFq4rzDuJ1i9KJ8BHbv7EcCiBDN8mBJq4frql,🚨มาแล้วอีกตัวเลือกใหม่สาย Agent   MMX-CLI - infra ที่ไม่ได้สร้างมาเพื่อ “คน” แต่สร้างมาเพื่อ “Agent”  ที่ผ่านมา Agent อ่าน คิด เขียน ได้หมด แต่พอให้มัน สร้างภาพ เสียง วิดีโอ มันทำไม่ได้ ไม่ใช่เพราะมั,photo,82,80,1,0,2026-04-12T12:43:03.000Z
72,Thongchai Thampueak,https://www.facebook.com/chaivsai/posts/pfbid025WmhUtgj21ezJoTdUKYTE7UaDXeNWfSgkVeo5GiLvWKyTHPrfCkSMhveP3tLVKiPl,🚨ตัวนี้คือ roadmap สำหรับสาย vibe coding ที่อยาก build ของจริง  Easy-Vibe จาก DataWhale รวม tutorial + repo ไว้ครบ ไล่ตั้งแต่ idea → prototype → full stack → agent  โฟกัสคือใช้ AI สร้างโปรดักต์ end-t,photo,42,79,1,0,2026-04-25T05:40:32.000Z
289,Thongchai Thampueak,https://www.facebook.com/chaivsai/posts/pfbid0TG9dnAQvxgD7izMEDFiShWg6SxzJGXVqo6PGpTGgcWVygUqgqcf39BMeXNau3XSzl,🚨หยุดใช้ Gemini แบบ “แค่พิมพ์ถาม” ได้แล้ว   นี่คือ Gemini CLI (Gemini Code) - ตัวจริงสาย dev  มันไม่ใช่แค่ AI คุยเก่ง แต่มันคือ agent ที่เข้าไปทำงานใน codebase คุณได้เลย  ตั้งแต่ – เขียนโค้ด (gen) – ,photo,63,74,0,0,2026-04-08T13:28:09.000Z
30,Thongchai Thampueak,https://www.facebook.com/chaivsai/posts/pfbid02pAGi4MKMVxfm6HxUCep3CNW7jBxtQ8PiramBEgzYWwu42pMEpNrcxncp6YpubQG2l,🚨เลือก LLM ผิดตั้งแต่ต้น = ต้นทุนพุ่งทั้งระบบ  ปี 2026 เกมไม่ใช่ใครมีโมเดลที่ “เก่งที่สุด” แต่คือใคร “จัดโมเดลได้เหมาะกับงานที่สุด”  Top API LLM ตอนนี้ไม่ได้แข่งกันตรง ๆ แต่แบ่งบทบาทชัดใน production ,photo,51,72,0,0,2026-04-28T16:38:17.000Z
276,Thongchai Thampueak,https://www.facebook.com/chaivsai/posts/pfbid0Me3jHm8o1PZqmNJrHPfRKdJvT3u2FH85upnuHcfh6chQCqV1f3NTqeJQEb8wWsyVl,🚨เปลี่ยนกองเอกสารมั่วๆ ให้กลายเป็น Knowledge Graph ภายในคำสั่งเดียว  เครื่องมือนี้ชื่อ Hyper-Extract สายทำ AI / Data / Knowledge management ควรลอง  มันใช้ LLM เพื่อ “รีด” ข้อมูลจาก text ที่ไม่มีโครงส,photo,46,72,1,0,2026-04-10T01:22:56.000Z
283,Thongchai Thampueak,https://www.facebook.com/chaivsai/posts/pfbid029qdMDex9KiiWaAFWHDUa9d8Y2cJduBBpCX2gXkGc7rKwhHmRuJYDt4v52nrjzFJBl,🚨 มีโอเพ่นซอร์ส “Offline AI Computer” ที่ยังทำงานได้ แม้ไม่มีอินเทอร์เน็ต  ชื่อว่า Project N.O.M.A.D.  มันไม่ใช่แค่เครื่องเก็บข้อมูล แต่มันคือ “ระบบความรู้ + AI” ที่รันได้ครบในเครื่องเดียว แบบไม่ต้อง,photo,96,70,3,0,2026-04-09T11:21:17.000Z
41,Thongchai Thampueak,https://www.facebook.com/chaivsai/posts/pfbid02ymu4fAzbkkaGmiSFtxeTUkD5RmjJEvxvwBM2BoZhawwD5RtpPGcaQ46NvFZmHAANl,🚨เติมความรู้กันต่อจนกว่าจะบรรลุ เพราะ agent ไม่ได้เก่งจากการคุย แต่เก่งจากการทำงานจบแบบมีระบบ 😏   ภาพนี้คือพิมพ์เขียวของ AI Agent ที่เอาไปต่อยอด production ได้จริง ไม่ใช่แค่ demo  Agent คืออะไร  หัว,photo,39,69,0,0,2026-04-27T12:48:36.000Z
22,Thongchai Thampueak,https://www.facebook.com/chaivsai/posts/pfbid022jU75YwbpJwiDjERADkPeXEKtokNkWAR83QdUF46xGe3FHVCKzRggxZJiY4Kh5iEl,🚨โลกของ Coding Agent กำลังเปลี่ยนเร็วกว่าที่หลายคนคิด  เมื่อก่อนเราเคยคุยกับ AI ผ่านแค่ chat เดียว แต่ตอนนี้มันเริ่ม “ทำงานเป็นทีม” ได้แล้ว  เวิร์กช็อป OpenAI Codex masterclass โดย reach_vb และ kagig,photo,71,67,1,0,2026-04-30T02:38:15.000Z
168,Thongchai Thampueak,https://www.facebook.com/chaivsai/posts/pfbid02vFtoab9bZUNRzMd7EuRw9Wf3h8ZsSp6KVXqvEH2bqxr9aPbXyttJJT3mVoE88fZKl,🚨นี่คือ OpenMythos โปรเจกต์ open-source ที่พยายามสร้างโมเดลแบบ Claude ใหม่จากหลักการล้วน ๆ เป้าหมายไม่ใช่แค่ตอบเก่ง แต่ทำให้โมเดล “คิดเป็น” จริง ๆ  แนวคิดหลักคือแทนที่จะเพิ่มขนาดโมเดล มันใช้วิธี “คิด,photo,77,66,1,0,2026-04-19T08:06:45.000Z
286,Thongchai Thampueak,https://www.facebook.com/reel/2413846482376887/,🚨 ลืม NotebookLM ไปก่อน…  นี่คือ NotebookLLM (open source) ที่ไม่ได้แค่ “สรุปให้ฟัง” แต่มัน “สร้างพอดแคสต์ของคุณเองทั้งรายการ” ได้เลย 🎧  เอาอะไรก็ได้โยนเข้าไป เช่น PDF  งานวิจัย  โน้ตประชุม  หรือแม้,video,61,64,4,1407,2026-04-09T00:35:58.000Z
61,Thongchai Thampueak,https://www.facebook.com/chaivsai/posts/pfbid02upmv6jvLCViEVW1R8kFPUY7mxfL2KKYc3T8jCeXmpTTZQPSGoQfdxLWGcySdBTaVl,🚨 AI agents กำลังเริ่มเห็นข้อมูลที่เราไม่เคยแตะถึง  OnionClaw 🧅 ทำให้ AI ออกไปหาข้อมูลเอง แล้วกลับมาสรุป insight ให้จบใน flow เดียว จากแค่ผู้ช่วย → กลายเป็นตัวทำ research จริงๆ  จุดที่น่าสนใ  • มี s,photo,53,62,1,0,2026-04-25T15:31:02.000Z
151,Thongchai Thampueak,https://www.facebook.com/chaivsai/posts/pfbid022wGDrg6MvHS5cxN6dKvCAq8v6X1U5t5hSZUts6Qwq6smjBoUYX7yDa1QpSn9N8Z8l,🚨โปรเจกต์ open-source ตัวนี้ชื่อ dot-skill (colleague-skill) แนวคิดค่อนข้างชัด: แปลง “ข้อมูลของคนหนึ่งคน” ให้กลายเป็น AI skill ที่ใช้งานได้  มันทำอะไรได้จริง • รับ input เป็น chat logs  เอกสาร  หรือ ,photo,45,62,3,0,2026-04-20T13:29:20.000Z
38,Thongchai Thampueak,https://www.facebook.com/chaivsai/posts/pfbid02pRLptKUFciiihBk2zFks32Wxj7XFd6bwnsF8vUtAMZw1MixKpLLVJ23VT5tUH4eRl,🚨ถ้าเป็น 8GB VRAM การ์ดจอแยก ถือว่าเล่น Local LLM ได้คุ้มกว่าพวก RAM แชร์ชัดเจน  เพดานจริงของ 8GB VRAM • ใช้ model ได้ประมาณ 6GB • อีก ~2GB เผื่อระบบ + KV cache • ดัน quant ได้ถึง Q5 Q6 Q8  แปลว่าได้,photo,71,61,2,0,2026-04-27T15:21:38.000Z
49,Thongchai Thampueak,https://www.facebook.com/chaivsai/posts/pfbid029gTH4dZ5Lipj652qgcsv31C16QBMc7SJUQ6U45eELCsEL37KsWcwgjbPgvJfHczDl,🚨บทบาทใหม่กำลังมา และคนส่วนใหญ่ยังไม่รู้ตัว  ไม่ใช่ AI engineer ไม่ใช่ prompt engineer  แต่คือ Agent Operator  คนที่ไม่ได้ใช้ AI แต่ควบคุมระบบที่ทำงานแทนคน  โลกกำลังเปลี่ยนจาก มนุษย์ใช้ซอฟต์แวร์ ไปสู,photo,35,61,0,0,2026-04-26T15:15:25.000Z
147,Thongchai Thampueak,https://www.facebook.com/chaivsai/posts/pfbid02AtgACwrAHLh4eAXunfUUL4D34DmAa7jeqtxWWVVHv7zknWVzLh7GDVh5A9Woypial,🚨 Obsidian + OpenCode AI คือ Knowledge Base ที่คิดแทนคุณได้  ปัญหาจริง ใช้ Obsidian ไปสักพัก → กลายเป็นกองโน้ต หาไม่เจอ ไม่เชื่อม ไม่เคยกลับมาใช้ สุดท้ายเป็น knowledge dead storage  สิ่งที่โปรเจกต์นี,photo,49,60,2,0,2026-04-21T00:18:14.000Z
241,Thongchai Thampueak,https://www.facebook.com/chaivsai/posts/pfbid0LFES1nda1k7VFa55bFKCTeegWGhv5XUDhepnyjcjPqU7Rv55fTP4QqzWF15ahchNl,🚨 Ollama อัปเดตใหม่ 0.20.6 มาแล้ว - โฟกัสหนักไปที่ Gemma 4 โดยเฉพาะเรื่อง tool calling ที่ฉลาดขึ้นแบบรู้เรื่องจริง  ใครเล่นสาย agent / automation จะรู้เลยว่าอันนี้ impact ตรง ๆ เรียก tool ได้แม่นขึ้น,photo,56,60,2,0,2026-04-13T09:12:08.000Z
47,Thongchai Thampueak,https://www.facebook.com/chaivsai/posts/pfbid02RJgL98hq7Y59tw5i8bqLRdPXEZuzXfntLYVpXnByRE5no1o8MP4fNCdbwfg6dYQ5l,🚨AI ไม่ได้ก้าวกระโดดเพราะโมเดลใหญ่ขึ้น แต่มันก้าวกระโดดเพราะระบบรอบโมเดลดีขึ้น  มี paper ใหม่แกะ Claude Code จนเห็นของจริงว่า agent ทำงานยังไง และมันทำให้เห็นชัดว่า เราโฟกัสผิดจุดมานาน  agent ไม่ใช่โ,photo,55,59,1,0,2026-04-26T15:40:10.000Z
170,Thongchai Thampueak,https://www.facebook.com/chaivsai/posts/pfbid029WxBKmFajLwwsSAtcxjrTown3CJ2S6yxwCCkRt4ry521fs2qiZ6TDL2hknT5mGPBl,🚨นี่คือ Cheat sheet ของ Claude ที่ควรเซฟและแชร์เก็บไว้  ถ้าคุณยังใช้ AI แค่ถาม–ตอบ คุณกำลังพลาด ของจริงไปทั้งระบบ  1) Big Picture Architecture  Task → Orchestrator → Agent → Tools → Output → Feedback,photo,32,59,2,0,2026-04-19T04:35:31.000Z
175,Thongchai Thampueak,https://www.facebook.com/chaivsai/posts/pfbid05eCWR8YfRNCMkXVxYbKwn87reHgVxJ5nmRDvyv4m7vXagURKzpuRZpWEQcN7LhaPl,🚨ตอนนี้ Ollama เวอร์ชัน 0.21 รองรับ Hermes Agent จาก Nous Research  ollama launch hermes คำสั่งเดียว ได้ agent อีกระดับ  จุดเด่นของ Hermes  • สร้าง skill จากสิ่งที่เคยทำ • ปรับปรุงตัวเองระหว่างใช้งาน,photo,68,58,2,0,2026-04-18T13:06:14.000Z
237,Thongchai Thampueak,https://www.facebook.com/chaivsai/posts/pfbid02cknYQntSNGyLDQNRbdfL66UEakM9XAdpYmcycV6qwcZpoCMDpxAUS2a4GVBTAUmtl,💡ภาพเดียว เข้าใจทั้ง AI stack ตั้งแต่ศูนย์ถึงขั้นสูง  ไล่จากล่างขึ้นบนแบบไม่งง  Artificial Intelligence คือภาพใหญ่ของ “การทำให้เครื่องฉลาด”  Machine Learning เริ่มให้ระบบเรียนรู้จากข้อมูล แทนการเขียน,photo,52,58,2,0,2026-04-13T16:58:57.000Z
133,Thongchai Thampueak,https://www.facebook.com/chaivsai/posts/pfbid0BuS1dCo5BE1R14MXvF7Mi2dekjLAvAAQqCa1iSEF65HqzBzdTs8bMsUkWmwTQHNhl,🚨OpenAI กำลังปล่อยของใหญ่ใน ChatGPT ด้วย Agents (codename Hermes)  แกนหลักคือทำให้ AI ไม่ใช่แค่ตอบ แต่ทำงานแทนได้จริง  • รันงานได้ 24/7 แบบไม่ต้องเฝ้า • เริ่มจาก template ที่มี workflow ให้เลย พร้อมใ,photo,93,57,4,0,2026-04-21T13:53:40.000Z
156,Thongchai Thampueak,https://www.facebook.com/chaivsai/posts/pfbid02cVVjPBatZB4AVYcegUb6BXhhTu2qqL4YcpLNQ9awmPSdaT8GUysCsDaPdvAnvW97l,🚨OpenAI เพิ่งปล่อย Agents SDK แบบโอเพ่นซอร์ส  pain ของการทำ AI agent ทุกวันนี้คือ framework เยอะ แต่ใช้งานจริงโคตรยุ่ง ต้องจัดการ state เอง conversation history ก็ต้องแบกเอง debug แต่ละทีเหมือนสุ่มดว,photo,48,57,3,0,2026-04-20T06:31:37.000Z
234,Thongchai Thampueak,https://www.facebook.com/chaivsai/posts/pfbid0N4jHEoLxf94JfmoTA2GWd3bqsR3AmTrF8ZE1APngMQaZtaRNDiNH4HeNgpJD2ybdl,🚨วิธีใช้ NotebookLM สอบผ่านใบรับรองยาก ๆ ได้ภายใน 48 ชั่วโมง (แนวคิดเชิงวิชาการ + ปฏิบัติได้จริง)  การเรียนรู้แบบเร่งรัดไม่ได้ขึ้นอยู่กับ “จำนวนชั่วโมง” เพียงอย่างเดียว แต่ขึ้นอยู่กับ “โครงสร้างการเร,photo,27,57,0,0,2026-04-14T05:33:18.000Z
116,Thongchai Thampueak,https://www.facebook.com/chaivsai/posts/pfbid03JZSyRAaPDxVupCf1yQ41GeYsC8U9RU68MA47yxVYkkD5wkjWf4GyK9a4xSngDogl,🚨Hermes Vault v0.2.0 มาแล้ว  ปัญหา classic ของ AI agents ชอบบอกต้อง re-auth ทั้งที่จริงแค่ network timeout หรือ scope พลาด  เวอร์ชันนี้แก้ตรงจุด บังคับ verify ก่อนทุกครั้ง credential ทุกตัวต้องผ่าน p,photo,82,55,1,0,2026-04-22T11:54:26.000Z
160,Thongchai Thampueak,https://www.facebook.com/chaivsai/posts/pfbid0EfKG3uj8JtBVzWbfKgkgjP6opcWAvAQqxcdzrc2Wrnb7mBEhdwyAwsfRy9Yp5ZwWl,🚨 Leak ! System Prompt ของ Claude Opus 4.7   สิ่งที่หลุดออกมาไม่ใช่เพียง prompt ขนาดใหญ่ แต่คือพิมพ์เขียวของพฤติกรรม AI ที่ถูกออกแบบอย่างเป็นระบบ  🔸สรุปประเด็นสำคัญ  โมเดลถูกกำหนดให้ค้นหาข้อมูลก่อนต,photo,61,55,1,0,2026-04-19T15:47:20.000Z
282,Thongchai Thampueak,https://www.facebook.com/chaivsai/posts/pfbid036XJndXxs2nYU4VkK31R1RE9MqNUpyuuFArW8Zh33TtxY7U6qVrhZdov2cvsjNeTul,🚨 Anthropic เพิ่งเปิดตัว Claude Managed Agents แต่ฝั่ง open-source ก็มี “อีกเวอร์ชัน” ที่แนวคิดคนละทาง  ชื่อว่า Cabinet  Claude Managed Agents → Agent-as-a-Service บน cloud → ช่วยจัดการ infra / memor,photo,51,55,3,0,2026-04-09T13:34:55.000Z
251,Thongchai Thampueak,https://www.facebook.com/chaivsai/posts/pfbid0KHY2DfMcPNfarZR89tnpiTjX8JS8wKNWyRpCfhXg4ULTai2CcXxKoKJreUZUmQmYl,🚨คู่มือจาก Google สำหรับสร้าง AI Agents แบบใช้งานจริง  นี่คือ “พื้นฐาน” ของการสร้างระบบที่คิดและลงมือทำแทนเราได้  Agent ≠ Model แต่มันคือ system ที่รวมสมอง + เครื่องมือ + การควบคุม + การลงมือทำ  ใครก,photo,61,53,7,0,2026-04-12T11:06:08.000Z
3,Thongchai Thampueak,https://www.facebook.com/chaivsai/posts/pfbid02XTU9CV4dwBW4uNi7rWtZw1px31dXKNmC2PTtc7rgw7qcF2WRdy6HMyLfbbhC5prcl,🚨 Google Gemini ไปอีกขั้นแล้ว จากผู้ช่วย → กลายเป็นคนทำงานจริงในทีม เมื่ออัพเดตการสร้างไฟล์ได้ในตัว  รอบนี้ไม่ใช่อัปเดตเล็กๆ แต่มันเปลี่ยนวิธีทำงานไปเลย  ใครยังใช้ AI แค่ถามตอบอยู่ บอกเลยว่าพลาดของดี,photo,61,52,5,0,2026-05-02T05:10:13.000Z
90,Thongchai Thampueak,https://www.facebook.com/chaivsai/posts/pfbid02dJtnxNnBJjgTJmp6xnyUqq5Wa6Ftd3d8qXEdYnap8Nz4P6HWxu5XHmwvHfn9eCpDl,🚨Combining retrieval tools กับ Agent Skills คือของดีที่คนยังมองข้าม  แนวคิดนี้ทำให้ agent ไม่ได้แค่ “ค้นหา” แต่ “เขียน query เองได้” ตั้งแต่ศูนย์ ไม่ว่าจะเป็น ES|QL หรือ SQL แล้วดึง context จาก datab,photo,28,52,3,0,2026-04-23T15:02:48.000Z
104,Thongchai Thampueak,https://www.facebook.com/chaivsai/posts/pfbid02izGhVd4TGe9XYpWK9vLeNEQf2LaKRLKtidvs6LB5dDq3ErzoUwsESWvwrjfL6qPgl,🚨Qwen3.6-27B มาแล้ว เล็กแต่แรงเกินตัว  โมเดล 27B ที่ดัน performance ไปชนรุ่นใหญ่ โดยเฉพาะสาย coding + agent  ทำ reasoning ดี รองรับ multimodal และเลือกโหมดคิดลึก/ตอบเร็วได้  ลองได้เลยบน Ollama ollama,photo,67,51,4,0,2026-04-23T00:41:12.000Z
142,Thongchai Thampueak,https://www.facebook.com/chaivsai/posts/pfbid0eihA9PyY633RvT29G9nmPHrDZYkRxna1u2RsrssCdSCxyUWMLd9D92o9u6kEQfbdl,🚨ไปเจอโปรเจคนึงที่โคตรตรง pain คนทำ research  PhD Skills สำหรับ Claude Code ไม่ได้เพิ่มความสามารถใหม่ แต่เพิ่ม guardrails ให้ AI คิดให้รอบก่อนพังงานเรา  คนทำคือ Fatih Cagatay Akyon สายวิจัยตัวจริง ใช,photo,27,50,1,0,2026-04-21T05:08:03.000Z
43,Thongchai Thampueak,https://www.facebook.com/chaivsai/posts/pfbid02naXy4shZqCJBLDtQesGDeFavGLgAXdc8EJ7fXFXmiAoTrUjBwxqCMuZh9MaQorusl,🚨ฟรี ebook RAG Evaluation & Testing in Production  RAG ไม่ยาก แต่ทำให้มัน เชื่อถือได้ ใน production นี่ยากกว่า  เล่มนี้สอนตั้งแต่การวัดผลแบบ offline ไปจนถึง behavior ตอนเจอ user จริง เปลี่ยนความรู้สึ,photo,51,49,1,0,2026-04-27T00:52:01.000Z
23,Thongchai Thampueak,https://www.facebook.com/chaivsai/posts/pfbid02GGyfYYyvVPT1diFgGT6bSVLug87sWRrieY15U3Q3Fy1iTUXTCfdV31DxycECBAGl,🚨ถ้าคุณยังใช้ prompt แบบยาวเป็นหน้า ๆ กับ GPT รุ่นใหม่อยู่ คุณกำลัง overfit โมเดลโดยไม่รู้ตัว  สรุปให้เลยแบบใช้ได้จริงกับ GPT-5.5  • โฟกัสปลายทาง ไม่ใช่ขั้นตอน บอก outcome ให้ชัด + คุณภาพที่ต้องการ +,photo,24,48,1,0,2026-04-30T02:19:29.000Z
254,Thongchai Thampueak,https://www.facebook.com/chaivsai/posts/pfbid02dbbvXPFhM37dcdGFysFHzVckVWnjRUF1zKFpWJXMZ8S6coBiCH7Qb45GSiER9Cgsl,🚨เคล็ดลับใน NotebookLM เข้าใจหนังสือทั้งเล่มใน ~20 นาที  คนส่วนใหญ่ อ่านจบ แต่ไม่ได้เข้าใจจริง  แต่มีอีกกลุ่มไม่อ่านซ้ำ แค่อัป PDF เข้า NotebookLM แล้วรัน 6 prompts นี้ ได้ insight มากกว่าคนอ่าน 2 รอ,photo,39,48,0,0,2026-04-12T05:28:00.000Z
42,Thongchai Thampueak,https://www.facebook.com/chaivsai/posts/pfbid0GQSh6LyL962hmWDDy2YqLBLDMyRHUzSfxviRsaFfWqJPrU9rAMsstco5eg7RoTCNl,🚨128GB RAM คือจุดที่ Local LLM เริ่มแทน cloud ได้จริง  ไม่ใช่แค่รันได้ แต่เริ่มเลือกให้เหมาะกับงานได้แล้ว  นี่คือ cheat sheet ที่คนทำ AI ควรเริ่มคิดใหม่  • General งานกว้าง Qwen3.5-397B-A17B คือตัวเด,photo,42,47,0,0,2026-04-27T05:34:45.000Z
222,Thongchai Thampueak,https://www.facebook.com/chaivsai/posts/pfbid0ojGDRvk2Vr4WD8Ky9jyoYnWJvZ1DJPMWo1WdgYvDzFyitVhadQDpALxp5FgoMUD9l,🚨Agentic AI ไม่ใช่อนาคต มันคือสิ่งที่กำลังเปลี่ยนวิธีเขียนซอฟต์แวร์ตอนนี้  จากเดิมที่เรา “เขียนโค้ดให้ทำงาน” ตอนนี้เรากำลัง “สั่งงานให้ AI ไปจัดการแทน”  แต่ปัญหาคือ หลายคนเริ่มใช้แล้ว…ยังไม่เข้าใจภาษ,photo,28,47,0,0,2026-04-14T16:19:43.000Z
12,Thongchai Thampueak,https://www.facebook.com/chaivsai/posts/pfbid02uonuev8MqmaCqtpZGLZxULJNVQTq5jV6evrMxFAQTUEZUaiSR35yHsM9qsfuhUJ8l,🚨Gemini CLI v0.40.0 มาแล้ว และนี่ไม่ใช่แค่ minor update  มันคือการอัปเกรดจาก AI tool → AI teammate แบบจริงจัง  สรุปของสำคัญ  • Memory แบบใหม่ 4 layer Project / Subdir / Private / Global ทำให้ agent เ,photo,49,46,2,0,2026-05-01T14:00:28.000Z
19,Thongchai Thampueak,https://www.facebook.com/chaivsai/posts/pfbid02Z3eCHY4RUfhGdUnVPq32pk2CXGRZgo6qefQ2B5nrsvqCQZoCXXJ57Ax9ASdiQhCPl,🚨คนส่วนใหญ่ยังใช้ Claude แค่ถามตอบ ทั้งที่มันมีฟีเจอร์ลับที่เปลี่ยนให้กลายเป็นระบบทำงานได้จริง  ฟีเจอร์ที่ควรรู้  • Memory สอนให้ AI จำสไตล์คุณครั้งเดียว แล้วใช้ต่อได้ทุกแชต ลดการพิมพ์ซ้ำแบบชัดเจน  •,photo,22,46,0,0,2026-04-30T06:43:53.000Z
244,Thongchai Thampueak,https://www.facebook.com/chaivsai/posts/pfbid02Z3RW5tumnFyxLcxyiT2332AkJQwwCtjg38XNGbEsbmr9oRUmqDNzxXdkFbDanSNHl,🚨AI กำลังรื้อวงการ Ads แบบเงียบ ๆ และสกิลนี้โคตรตรงจุด  Claude Ads = เครื่องมือ audit ที่ทำตัวเหมือนหมอ แค่ export data ใส่เข้าไป มันเช็ค 225+ จุด ให้คะแนนบัญชี 0–100 แล้วบอกเลยว่าเงินรั่วตรงไหน bid ,photo,29,46,1,0,2026-04-13T06:15:48.000Z
177,Thongchai Thampueak,https://www.facebook.com/chaivsai/posts/pfbid0TRsMQxwmk2tCR5GqYATsEmoQTJQC99aQvRDDGhy5iPx47NRXXcnprLy95pHrH7pWl,🚨หนังสือ AI/ML Interview Q&A Guide โดย Lamhot Siagian  สรุปคำถามที่ใช้จริงในสาย Applied AI ครบตั้งแต่ Agent  RAG  LLMOps ไปจนถึง System Design  จุดเด่นคือไม่ได้เน้นแค่ตอบให้ได้ แต่สอนให้คิดเป็น อธิบา,photo,31,45,1,0,2026-04-18T08:58:10.000Z
257,Thongchai Thampueak,https://www.facebook.com/chaivsai/posts/pfbid02vhEJxNcD6uWoHJfekP6GB82yNBeytULtXAsp8cppoaxurp2u5nsmVquxrRjCwAXMl,🚨ฟรี คู่มือ Harness Engineering + Repo  ถ้าคุณกำลังทำ AI Agent แล้วรู้สึกว่า มันฉลาดนะ…แต่ “ควบคุมยาก” อันนี้คือของจริงที่ต้องอ่าน  เล่มนี้ไม่ใช่สาย prompt เท่ๆ แต่มันสอน “การออกแบบระบบควบคุม AI” แบบ,photo,48,45,1,0,2026-04-12T00:42:48.000Z
55,Thongchai Thampueak,https://www.facebook.com/chaivsai/posts/pfbid0z5hbXRv2WhYfekTaRBuBVjRGDRXqcENRn74sy6NDoVUyLKp1KdTttbipRrSaQoPil,🚨 AI Agents กำลังจะมี App Store ของตัวเอง  Claude Code ปล่อยคลัง open-source รวม 100+ agents / skills / templates ติดตั้งได้ทันที เหมือนโหลดแอป  ฟังดูว้าว แต่ของจริงมันอยู่ลึกกว่านั้น 👇  • ปัญหาไม่ใ,photo,41,44,1,0,2026-04-26T04:18:53.000Z
236,Thongchai Thampueak,https://www.facebook.com/chaivsai/posts/pfbid02BsnuyhwByoGNrmqFghef4Ct5SW1Use5SxFCUqgCdxbFcqUTx8NV3ABAwo23i9bxCl,🚨นี่คือการแปลงไอเดียให้กลายเป็นของจริง  Karpathy’s LLM Wiki idea ถูกเอามาสร้างแล้ว ด้วย Gemini 3.1 Flash Lite และ Google ADK  มันคือ Always-on AI agent ที่รัน 24/7 คอยประมวลผล และเชื่อมข้อมูลเข้าเป็น,photo,43,44,1,0,2026-04-14T04:56:47.000Z
95,Thongchai Thampueak,https://www.facebook.com/chaivsai/posts/pfbid0x6vNCRgto4jdACKMtL1o6mQrAE6PSMEX6hmsvzXs4AEMCxgW9BJRgakNXYm355NHl,🚨 มีโปรเจกต์ open-source ใหม่ชื่อ free-claude-code ที่กำลังถูกพูดถึงในสาย dev  แนวคิดคือทำ proxy เพื่อแปลง API ของ Anthropic ไปเป็นรูปแบบของ NVIDIA NIM ทำให้สามารถใช้งาน Claude Code ได้ผ่าน endpoint ,photo,35,43,3,0,2026-04-23T12:51:58.000Z
227,Thongchai Thampueak,https://www.facebook.com/chaivsai/posts/pfbid02smjgH4u67aZdAaTwZyAY5KwtGrs8YBg4rXqDStmV7ucqHwbD27NzD3An4gMG7MyWl,🚨A Complete 2026 Roadmap From Software Engineer to AI Engineer (Sample Chapter)  ไม่ได้สอนให้คุณเป็นอะไรใหม่ แต่มันชี้ให้เห็นว่า สิ่งที่คุณมีอยู่แล้ว กำลังพาไปสู่จุดนั้นได้  หนังสือไม่ได้พูดถึง model,photo,44,43,4,0,2026-04-14T14:28:08.000Z
232,Thongchai Thampueak,https://www.facebook.com/reel/1555118306625544/,🚨🚨🚨หรือว่า Gemini Cowork กำลังจะมา  Google ทดสอบ Agent ใน Gemini Enterprise เปลี่ยนจาก chatbot → Task Workspace ที่มี Goal  Agent  Connected Apps  Files และ human review  AI ไม่ได้แค่ตอบ แต่เริ่มลง,video,77,42,1,3690,2026-04-14T08:49:19.000Z
110,Thongchai Thampueak,https://www.facebook.com/chaivsai/posts/pfbid0VziscSHgx9txHoQ71bkjbaJibMj3aLpSgkuisAh4KmBUbNANLaKdNHyhACWPVNUZl,🚨HeyGen ปล่อยของแรง Hyperframes  เฟรมเวิร์กทำวิดีโอที่คิดมาเพื่อ AI agent จริงๆ ไม่ใช่มนุษย์  ปัญหาเดิมคือเครื่องมือวิดีโอถูกออกแบบมาให้คนใช้ ต้องลาก timeline คลิก keyframe แต่ agent ทำแบบนั้นไม่ได้เ,photo,26,40,2,0,2026-04-22T15:38:11.000Z
163,Thongchai Thampueak,https://www.facebook.com/chaivsai/posts/pfbid02srsMqMjPucpN6MpWbA6bpmTZQnSbEfw8R8ZqzHsdgvSdfEXoZA8QrNJJJ5FsjYiUl,🚨หลายคนใช้ AI ทุกวัน…แต่ไม่รู้ว่า token คือของที่เราจ่ายเงินจริง   นี่คือพื้นฐานที่ควรรู้เข้าใจง่าย ใช้ได้ทันที  🔸Token คืออะไร  1. โมเดลอ่านข้อความตรง ๆ ไม่ได้     ต้องแปลงเป็น token ก่อนเสมอ 2. To,photo,55,39,2,0,2026-04-19T12:54:58.000Z
119,Thongchai Thampueak,https://www.facebook.com/chaivsai/posts/pfbid0YETrwyGr1jt8ayXtpfSr6aMCcGdyCuTakREVkiHe7LQB6w9PtiMddvuksSZoVc9Al,🚨 Agent Skill Creator ทำสิ่งที่ AI tools ส่วนใหญ่ยังทำไม่ได้  มันเอา workflow ที่คุณทำอยู่ทุกวัน แปลงเป็น Agent Skill ให้เลยแบบอัตโนมัติ ไม่ต้องเขียน prompt ไม่ต้องเข้าใจ spec ไม่ต้องเขียนโค้ด  แค่โย,photo,26,38,1,0,2026-04-22T09:24:51.000Z
194,Thongchai Thampueak,https://www.facebook.com/chaivsai/posts/pfbid0v9tUzfY9w7vd9GrfvmEakDqPn8DaQm4kTyjpTjw7NeUireRR4w81xv8DKnZZs1Gbl,🚨Claude Code ไม่ได้มีดีแค่เขียนโค้ดเก่ง แต่มันมี feature ที่ถ้าใช้เป็น จะเปลี่ยน workflow ไปเลย  นี่คือ 12 ตัวที่ควรใช้จริง  CLAUDE.md = memory ของโปรเจกต์ เก็บ stack  convention  rule ทุกอย่าง เปิด ,photo,36,38,0,0,2026-04-17T09:44:52.000Z
204,Thongchai Thampueak,https://www.facebook.com/chaivsai/posts/pfbid02zCuZtMBtWhfVnWcehcXRF5WubE2E3Hf38NHLmfxxUfvsetfDxjSAvY6tkrQR3MZzl,🚨 McKinsey ปล่อย insight เรื่อง Agentic AI แบบตรงจุดมาก  สรุปให้แบบอ่านจบใน 2 นาที (สายทำของจริงต้องอ่าน)  1. อย่าเริ่มที่ Agent ให้เริ่มที่ Workflow  หลายองค์กรพลาดตรงนี้ อินกับการ “สร้าง agent ใหม่,photo,29,37,2,0,2026-04-16T13:18:29.000Z
228,Thongchai Thampueak,https://www.facebook.com/chaivsai/posts/pfbid034fdHBho5fND55vrUhMDQnaTNnwx17g7yxGCFjXGK46rKXNWPhT5zLzpQksatPZHXl,🚨ของใหม่มาอีกแล้ว  ไม่ต้องคัดลอก context ให้ AI อีกต่อไป  Opera Neon กำลังเปลี่ยน browser ให้กลายเป็น “มือ” ของ AI จริง ๆ  → AI อ่าน tab ที่คุณเปิดอยู่ได้ → ใช้ session ที่คุณ login ไว้แล้วได้เลย → ค,photo,35,37,1,0,2026-04-14T12:43:09.000Z
9,Thongchai Thampueak,https://www.facebook.com/chaivsai/posts/pfbid04F4BZK91oPVQq4rNfzi2AMbsUQjkqiajPs4FVbsZcDyQGLH5cQajpvFeCf43M6R4l,🚨Skill ใหม่ของ Voice AI จาก ElevenLabs มาแล้ว   Voice Changer Skill เปลี่ยนเสียงได้ แต่ยังเก็บ emotion + timing เดิมครบ  • dubbing หลายภาษา ฟีลไม่หลุด • ทำ voice brand ให้โปรดักต์ • ใส่ character ให้,photo,34,36,2,0,2026-05-02T00:32:08.000Z
26,Thongchai Thampueak,https://www.facebook.com/chaivsai/posts/pfbid02q8WpCj1HcQ764APDGcpjWohJjCXso6UeZta56eKnpnbtfDC8ueZKnrrTa1AHQyZFl,🚨Prompting ไม่ใช่แค่การถาม AI แต่มันคือการออกแบบ input อย่างมีระบบ เพื่อควบคุม output ให้แม่น  ใครทำงานกับ LLM แล้วไม่เข้าใจเรื่องนี้ ถือว่าใช้ศักยภาพไม่เต็ม  🔺Core Prompting Techniques • Zero-shot ,photo,29,35,1,0,2026-04-29T16:10:38.000Z
33,Thongchai Thampueak,https://www.facebook.com/chaivsai/posts/pfbid03K76TCJMBjxMNUkWBss9XiBK23WERDS9gZhCPWYCFQhexNDhN59DgFQRT7ybboF7l,🚨 ตลาดแรงงานกำลังเปลี่ยนแบบเงียบแต่แรง  งานวิจัยล่าสุดจาก Anthropic ไม่ได้ถามว่า AI ทำอะไรได้บ้าง แต่ถามว่า ตอนนี้มันกำลังทำอะไรอยู่จริงในที่ทำงาน  🔸สิ่งที่เกิดขึ้นแล้ว • งานสายคอมพิวเตอร์และคณิตศาส,photo,30,34,1,0,2026-04-28T12:37:43.000Z
96,Thongchai Thampueak,https://www.facebook.com/chaivsai/posts/pfbid02r5ZF8sPhWYWfFMLLJDfebcAtFZdJcTWvW11mV91SnTuiiwTKN342rdxGrwmsdnKPl,🚨 มาใหม่อีกแล้ว ChatGPT for Google Sheets  ฟีเจอร์นี้เอา ChatGPT เข้าไปอยู่ใน workflow ของ Google Sheets ที่คนใช้กันทุกวันแบบตรงๆ  เริ่มจากไฟล์เปล่า พิมพ์ภาษาคน → ให้ช่วยสร้าง แก้ไข วิเคราะห์ และอัปเ,photo,57,34,12,0,2026-04-23T12:45:17.000Z
178,Thongchai Thampueak,https://www.facebook.com/chaivsai/posts/pfbid0pfefW6EtfQ4kzH2JJwu6WgEVYH6RSbw5Sp3Zeh1U8HsChDecXKfz1XwcrnAh8yMol,🚨สัปดาห์นี้ GitHub เดือดแบบชัดเจน ไม่ใช่แค่ของออกเยอะ แต่มันคือการแย่งกระแสกันตรงๆ  • Agent & AI Assistant • NousResearch/hermes-agent (+19.8K) เอเจนต์ที่เรียนรู้และพัฒนาไปพร้อมผู้ใช้ ไม่ยึดติดกับสคร,photo,16,31,0,0,2026-04-18T07:47:54.000Z
198,Thongchai Thampueak,https://www.facebook.com/chaivsai/posts/pfbid036sQH4pqPrPDX842umGdUNYd5AuWfbjdgPG3UJJmfrRvzE3WepMPwEKEHvdYWfAuel,🚨Anthropic ปล่อย Claude Opus 4.7 ออกมา แล้วเกมมันเริ่มเปลี่ยนจริง ๆ  เริ่มเห็นภาพชัดว่าระบบแบบนี้กำลังขยับจาก ช่วยทำ ไปสู่ 👉รับงานไปทำแทน  • ทำงานโค้ดยาว ๆ ได้จบในรอบเดียว ไม่ต้องคอยไกด์ • อ่านภาพละ,photo,82,31,1,0,2026-04-16T15:48:42.000Z
45,Thongchai Thampueak,https://www.facebook.com/chaivsai/posts/pfbid0RAi26o9YcMW8Nm3N1GEks3wSPqifeJUbNBoYax4GL2Lc1ciNBfGSYpvAHdFXwrtTl,🚨นี่คือ benchmark สาย health AI ที่เริ่มแตะของจริงแล้ว  HealthBench Professional ถูกออกแบบมาเพื่อวัดว่าโมเดลสามารถคิดและคุยแบบ clinician ได้แค่ไหน ไม่ใช่แค่ตอบถูก แต่ต้อง reasoning ให้ใช้งานได้ในบริบ,photo,21,30,1,0,2026-04-27T00:39:47.000Z
25,Thongchai Thampueak,https://www.facebook.com/chaivsai/posts/pfbid0YARXDhzHWFsSsSQM1LW7vFqowdqCyuJefnYAHbKS6e4arU3nBftfEhoo9yP2ufqwl,🚨 ถ้าคุณมีคอมพิวเตอร์สเปคระดับ 512GB RAM มาดูกันว่าคอมพิวเตอร์ VRAM ระดับนี้ ควรใช้โมเดลอะไรให้คุ้มที่สุด  นี่ไม่ใช่เรื่องของการเลือกตัวที่ใหญ่ที่สุด แต่คือการเลือกให้ตรงงานที่สุด  • GLM-5.1 → genera,photo,29,29,1,0,2026-04-29T16:43:50.000Z
98,Thongchai Thampueak,https://www.facebook.com/chaivsai/posts/pfbid0q2WVcoPqz2V92XKJQdd94gzwvZ1N9hWpgsGjRQt3fQE3sPQ9BB4DA48hNs3mibFgl,🚨OpenAI ขยับเกม healthcare แบบจริงจังแล้ว  👉สองของใหม่วันนี้  • ChatGPT for Clinicians เวอร์ชันใช้ฟรีสำหรับบุคลากรทางการแพทย์ ออกแบบตามงานจริง ทั้ง consult เคส เขียนเอกสาร และทำ medical research  • ,photo,23,29,1,0,2026-04-23T10:10:01.000Z
242,Thongchai Thampueak,https://www.facebook.com/chaivsai/posts/pfbid036CjyZ5fBD9xU7BmxuziuYQGPAwbiDbJ4s5WCgSmhvFasHw2r9HuMjvk3FhnpwwHAl,🚨 Gemini เปิดตัวฟีเจอร์ใหม่ “Notebooks” เชื่อมพลังกับ NotebookLM แบบแนบเนียน กลายเป็นเหมือน “Second Brain” ส่วนตัวในแอปเดียว  ไฮไลต์สั้น ๆ  • รวมแชท + ไฟล์ + โน้ต ไว้ที่เดียว จัดการโปรเจกต์ไม่หลุดโฟก,photo,35,28,1,0,2026-04-13T08:13:10.000Z
248,Thongchai Thampueak,https://www.facebook.com/chaivsai/posts/pfbid02xM1R7M9f88dmqH4PsgnPivfwUnSrDPMSTN59Af6ZMbSLBhDE8i61Nd3je6dRMF1kl,🚨ภาพรวม Codex use cases ที่ควรเข้าใจ  Codex ไม่ได้เป็นแค่ “ตัวช่วยเขียนโค้ด” แต่มันคือ “แรงงานดิจิทัล” ที่ทำงานแทนทีมได้บางส่วน  โครงสร้างจริง ๆ แบ่งได้ 4 แบบ  🔸Build ใช้สร้างของ เช่น app  UI  CLI เ,photo,43,28,2,0,2026-04-12T17:26:14.000Z
140,Thongchai Thampueak,https://www.facebook.com/chaivsai/posts/pfbid0cnXx1FrzetQk62MDR8eQdqqDZ1j5bLud2TfvbaxSbeTngpWjwJX4HrE5qLbGRPxGl,🚨The NLP Engineer’s System Design Interview Guide  นี่เป็นเพียงบางส่วน ไม่ใช่ฉบับเต็ม แต่สะท้อนแนวคิดการออกแบบระบบ NLP ระดับ production ได้ชัดเจน  ครอบคลุมตั้งแต่ data pipeline  preprocessing  embedd,photo,13,27,1,0,2026-04-21T09:03:55.000Z
185,Thongchai Thampueak,https://www.facebook.com/reel/957067476905954/,🚨Codex ตอนนี้ไม่ใช่แค่ช่วยเขียนโค้ดแล้วนะ มันเริ่มกลายเป็นผู้ช่วยทำงานทั้งเครื่องไปแล้ว  สิ่งที่อัปเดตโคตรแรงรอบนี้  ใช้แอปบน Mac ได้จริง มองเห็น คลิก พิมพ์ เหมือนมีคนมานั่งใช้เครื่องแทน → ไม่ต้องมี ,video,37,27,1,1945,2026-04-17T16:16:39.000Z
31,Thongchai Thampueak,https://www.facebook.com/chaivsai/posts/pfbid02eDyCzsaeVkuSU9DZb9bdp8KDWPDkpHWvtPNDnxnNwS3gEyRs6YCcPYCpKwBQpaRNl,🚨256GB RAM ไม่ใช่คำถามว่า “รันได้ไหม” แต่คือ “จะเลือกตัวไหนให้ตรงงานที่สุด”  สรุปให้แบบใช้งานจริงจากชีตนี้ 👇  🔺Class A: ตัวจบสาย Frontier (เลือก 1 ตัวเป็นหลักได้เลย) • Qwen3.5-397B-A17B → ตัวเดียวเ,photo,14,26,0,0,2026-04-28T15:54:19.000Z
34,Thongchai Thampueak,https://www.facebook.com/chaivsai/posts/pfbid0hAzbwUPskdTDQABj7ZHTWPepK2NNsmbUgiwqx92j6iyRbBEDv6qQ2HxdxKCNTZt3l,🚨เมษา 2026 แล้ว AI Agents ไปไกลกว่าที่หลายคนคิดไว้มาก  จากปีที่แล้วที่ยังเป็นแค่ demo หรือ workflow หลวมๆ วันนี้มันกลายเป็นระบบทำงานจริงที่เริ่มแทนคนในบางบทบาทแล้ว  • จาก chatbot → agent ที่ลงมือทำ ไ,photo,34,26,0,0,2026-04-28T08:29:23.000Z
18,Thongchai Thampueak,https://www.facebook.com/chaivsai/posts/pfbid02RE6KVrePxcyVsTz3c2wvB7xPFP72f7y7eWnm9E5kJwTnBaeyBpt1SUL9ejUQiQoGl,🚨AI เพิ่งชนะหมอเรื่อง “ความเห็นอกเห็นใจ”? ฟังดูเหมือนอนาคต แต่จริงๆ คือสัญญาณเตือนของระบบสาธารณสุข  บทความล่าสุดใน JAMA บอกชัด AI ไม่ได้กลายเป็นคนที่มี empathy มากขึ้น แต่ “ระบบงาน” ทำให้หมอมีเวลาน้อ,photo,28,25,1,0,2026-04-30T11:08:56.000Z
202,Thongchai Thampueak,https://www.facebook.com/chaivsai/posts/pfbid02Y9L7vTYNnkyvPW8Pq698GdA8Vi4cujSg9h7ABux5argN2zgR9iUfFmoUv3xob1y8l,🚨Google เพิ่งอัปเกรด Gemini แบบโคตรน่าสนใจ  จาก AI ที่ต้องคอยพิมพ์ถาม กลายเป็น AI ที่ดูหน้าจอ แล้วช่วยคิดให้ได้เลย  เป็นแอปบน Mac แบบเต็มตัว เปิดไว ใช้ง่าย และเข้าใจงานที่กำลังทำอยู่จริง ๆ  ไม่ใช่แค่,photo,42,25,2,0,2026-04-16T13:37:59.000Z
88,Thongchai Thampueak,https://www.facebook.com/chaivsai/posts/pfbid0HAtjL4nhpraZYKpVETsT6pLswx65PViAW4vZN65dqHd3U19PjtXhF81Y1sX9Ps7Ll,🚨🚨🚨มาแล้ว รุ่นใหม่ที่ไม่ได้แค่อัปเกรด…แต่เปลี่ยนวิธีทำงานไปเลย  Introducing GPT-5.5  โมเดลรุ่นนี้ถูกออกแบบมาเพื่อ “งานจริง” มากขึ้น ไม่ใช่แค่ตอบคำถาม แต่เข้าใจเป้าหมายที่ซับซ้อน ใช้เครื่องมือเป็น ต,photo,73,24,7,0,2026-04-23T18:33:19.000Z
64,Thongchai Thampueak,https://www.facebook.com/chaivsai/posts/pfbid02KX5QDa3W525ceHeTk9LsKqjm48fZ2HQwC3P7zKJaBrVeMSfKxVpkVwQVmCWnd3Ryl,🚨 ใช้ AI ยังไง ให้ Excel ไม่ใช่แค่ที่พิมพ์สูตร แต่กลายเป็นผู้ช่วยที่ “คิด วิเคราะห์ และทำงานแทนคุณได้”  ความต่างมันไม่ใช่เครื่องมือ มันคือวิธีสั่งงาน  ถ้าคุณยังพิมพ์สูตรเองทุกช่อง = คุณยังทำงานแบบเดิ,photo,21,23,2,0,2026-04-25T12:35:44.000Z
14,Thongchai Thampueak,https://www.facebook.com/chaivsai/posts/pfbid05Wt7mYymDaKnE5BTkJfTRmxMrFK9EEULgZKWZHuv2CDrBeZY45ofTTHLFV6WmcPAl,ลองทำระบบ OCR แบบใหม่    1. Step 1 (The Eyes): ใช้ Typhoon OCR 1.5 เป็น  ดวงตา  ในการอ่านตัวอักษรทั้งหมดจากรูปภาพหรือไฟล์ PDF โดยไม่สนใจรูปแบบ (เน้นเก็บรายละเอียดให้ครบที่สุด)    2. Step 2 (The Brain),photo,26,22,0,0,2026-05-01T13:45:35.000Z
186,Thongchai Thampueak,https://www.facebook.com/reel/1487220493006701/,🚨ของใหม่จาก Anthropic บอกเลยว่าเริ่มเปลี่ยนเกมแล้ว  Claude Design แค่พิมพ์บอก → ได้งานออกแบบทันที แล้วค่อยคุยปรับต่อ  ใช้พลัง Claude Opus 4.7 เข้าใจทั้ง layout + UX ไม่ใช่แค่สวย แต่คิดเป็นระบบ  ทีเด็,video,66,22,1,1115,2026-04-17T16:06:49.000Z
219,Thongchai Thampueak,https://www.facebook.com/chaivsai/posts/pfbid02GPgKNwRr3vVy4kZTTXYrfEcA8dEB29ATbUyfU8499KwtqnxKz8szVJYsCh553qXSl,🚨เอามาฝากสาย SRE / DevOps ที่อยากขยับไป MLOps   เล่มนี้มี (sample chapter) ให้ลองอ่านก่อน เนื้อหาโฟกัสของจริง reliability  observability  production AI  ไม่ต้องสาย ML ก็เริ่มได้ แต่ถ้าเคยดูแลระบบมา จ,photo,10,21,1,0,2026-04-15T01:50:07.000Z
40,Thongchai Thampueak,https://www.facebook.com/chaivsai/posts/pfbid02iiytU1kuTXzfmaZpj3nhRntwLoMJ9wKM7ZtaZs1HG1TvLPqduhYnnv7xs4bTnab8l,🚨อ่าน PDF ให้ได้ insight ไม่ใช่แค่สรุป  NotebookLM จะมีค่า ก็ต่อเมื่อคุณใช้มัน “เป็นระบบ” ไม่ใช่กดเล่นทีละฟีเจอร์  ปัญหาที่เจอบ่อย • ได้ summary แต่ไม่เข้าใจโครง • ทำ quiz แต่ไม่รู้ว่าตัวเองพลาดอะไร ,photo,9,20,0,0,2026-04-27T13:15:51.000Z
81,Thongchai Thampueak,https://www.facebook.com/chaivsai/posts/pfbid0TUbhz2p8xHWGdLSC7SA8hWL6PAus7WPqzV1Fg7Bm2kjFVMwTVvKcnEYGrdJsi467l,🚨 นี่คือ info ที่โคตรมีประโยชน์สำหรับคนที่กำลังใช้ AI agent ทำงานจริง แต่ยังรู้สึกว่า output มั่ว เดาเก่ง แต่ทำงานไม่ตรงสเปก  How to design CLAUDE.md ที่ AI เชื่อฟังจริง ไม่ใช่แค่ดูดี  คนส่วนใหญ่พลาด,photo,11,20,0,0,2026-04-24T14:46:53.000Z
87,Thongchai Thampueak,https://www.facebook.com/chaivsai/posts/pfbid029rih3gVtcG97PpX6w6pmexsw1nMnpvnPQf52iD8HbebFzYAgJJhRJhEquSsvr9HWl,🚨อัปเดตแรงอีกรอบในสนาม LLM   DeepSeek กลับมาทวงพื้นที่ด้วย V4 แบบเอาจริง  • DeepSeek V4 Pro: 1.6T parameters (activate 49B) • DeepSeek V4 Flash: 284B parameters (activate 13B) • ทั้งคู่รองรับ context,photo,36,19,2,0,2026-04-24T03:47:52.000Z
196,Thongchai Thampueak,https://www.facebook.com/chaivsai/posts/pfbid0iTNACFjJ8k9F794LqjKDckfr1c61swDHXMMwQdhwUE7359fUXcEBVy5yQtMVidhDl,🚨รายงานจาก McKinsey พูดถึงสิ่งที่เรียกว่า AI Paradox ไว้น่าสนใจมาก   หลายองค์กรกำลังลงทุนกับ AI อย่างจริงจัง มีทั้ง use case มีทั้ง pilot มีทั้งเครื่องมือครบ แต่ผลลัพธ์ทางธุรกิจกลับยังไม่เกิด ยิ่งทำเ,photo,18,19,4,0,2026-04-17T05:22:08.000Z
35,Thongchai Thampueak,https://www.facebook.com/chaivsai/posts/pfbid0KM2iU9WQ6QF9xzHkz1ATc7W2AaGAvyMxgu4KJqu6iRzSbdExRgivjNqoZsM7UsKkl,🚨Gemini Deep Research Max คือการอัพเกรดจากผู้ช่วยค้นข้อมูล ไปสู่ research agent ที่ทำงานเป็นระบบครบวงจร  ภาพรวมความต่างจาก Deep Research เดิม  • โมเดล เดิม ใช้รุ่นก่อนหน้า Max อัพเกรดเป็น Gemini 3.1 ,photo,21,18,1,0,2026-04-28T06:37:27.000Z
271,Thongchai Thampueak,https://www.facebook.com/chaivsai/posts/pfbid02SYkvE8UBgBShbyPZSj37b2irKJSXptRGRvDBBqjVt8g1FF71TnB8cW824Fbbuod4l,🚨 อีกหนึ่ง repo น่าสนใจสำหรับสาย AI dev  ถ้าเคยใช้ Claude Code หรือ OpenAI Codex แล้วรู้สึกว่า agent มันเก่ง แต่ควบคุมยาก  OpenHarness คือคำตอบที่เรียบง่ายและตรงจุด  มันเปิดให้คุณกำหนด flow การทำงานข,photo,23,17,1,0,2026-04-10T16:37:06.000Z
82,Thongchai Thampueak,https://www.facebook.com/chaivsai/posts/pfbid0ss67WDnD2xYazqo6TUBUj7nivShRuDcDyYPxsGK1HhNRhhGRGrw5AUNCao6cHNAEl,,photo,8,16,0,0,2026-04-24T13:30:20.000Z
4,Thongchai Thampueak,https://www.facebook.com/chaivsai/posts/pfbid0ZxcLR41HAmz5FmKbLHwUvRyqtzv5TehkjuCktQm2yktE55Xb2RMAw3FsxThWbSxRl,🚨เขียน paper มาแทบตาย แต่ intro ยังพาเรื่องไม่ไป  ปัญหาไม่ใช่อ่านน้อย แต่คือ “คุมทิศไม่อยู่”  หลาย intro เป็นแบบนี้ • ปู background ยาวไปเรื่อย • ใส่ citation แน่นๆ • แต่ไม่มีจุดลง  อ่านแล้วโอเคนะ แต,photo,13,14,0,0,2026-05-02T04:35:30.000Z
94,Thongchai Thampueak,https://www.facebook.com/chaivsai/posts/pfbid0VAtVwfiQKob158ie1RyPEHgnkBqLWM9ZWCTsi7xkRQgG9Gh7jrXekT4rmNzKy6Lzl,,photo,9,14,0,0,2026-04-23T13:20:59.000Z
165,Thongchai Thampueak,https://www.facebook.com/chaivsai/posts/pfbid02suAQJrDmF5LXKu9DLustScHR7ViupmppKYZbkPEgg9JTnuzAAvYKEdEB1BQBCUe2l,,photo,12,14,0,0,2026-04-19T12:33:36.000Z
189,Thongchai Thampueak,https://www.facebook.com/chaivsai/posts/pfbid037WyEkYTsDJZRpjYyxd8FmDWfP9jd1yLWdVZwDhHcZomJEubQAMEwiXkRV9AWoMZHl,,photo,6,14,0,0,2026-04-17T14:18:44.000Z
206,Thongchai Thampueak,https://www.facebook.com/chaivsai/posts/pfbid033rEF3kEtkPCMkkpiLnPLaqdT8f3XTWZBwdL1dLoeBbCj9FKupJPMAMXH6McqiuVdl,,photo,7,14,0,0,2026-04-16T12:05:13.000Z
10,Thongchai Thampueak,https://www.facebook.com/chaivsai/posts/pfbid05YJTkBnqHiuDhRKPJEixBgvE9155ShbfgqaAuKUmE7Rxszs5ECLskKiYNHEigUcvl,🚨 อยากรู้ว่าคุณอยู่ระดับไหนของ Google Gemini และคุณใช้ฟีเจอร์มันครบจริงหรือยัง  หลายคนคิดว่าใช้ AI เก่งแล้ว แต่จริงๆ ยังวนอยู่แค่ชั้นแรก  Gemini มี 4 ชั้น และแต่ละชั้นเปลี่ยนบทบาทของคุณไปเลย  Layer 1,photo,11,13,0,0,2026-05-01T16:23:00.000Z
21,Thongchai Thampueak,https://www.facebook.com/chaivsai/posts/pfbid07AYqfrVEddReRZMP8yk9Etm2oAvzEjpv9JjtFdhCkF17Fz8a3rmEWxcnDvD3Mv92l,🚨 ถ้าคุณยังเขียน prompt แบบสั่งทีละขั้น GPT-5.5 จะเก่งไม่สุด  • เริ่มที่ผลลัพธ์ก่อน → นิยามว่า “ดีคืออะไร” + เงื่อนไข + รูปแบบคำตอบ • ลดขั้นตอน → บอกปลายทาง ไม่ต้อง micromanage วิธีทำ • จูนความลึก → ,photo,10,13,0,0,2026-04-30T02:52:08.000Z
137,Thongchai Thampueak,https://www.facebook.com/chaivsai/posts/pfbid078Fr4qH4yax8TsaHzExRcPzz4fBpvkihpniFgXDFuQ11AE93qfQ6fSFccQ64Jm2bl,🚨 ปัญหาใหญ่ของ AI agent วันนี้ไม่ใช่ความสามารถ แต่คือการควบคุม  OpenClaw วางโครงของ agent workflow Hermes ขับ execution ให้เร็วและทรงพลัง แต่สิ่งที่ยังขาด คือการควบคุม  โปรเจค Mercury เติมส่วนนี้เข้า,photo,11,13,1,0,2026-04-21T11:17:08.000Z
176,Thongchai Thampueak,https://www.facebook.com/chaivsai/posts/pfbid0311DHdWqRyvxHXMcPCa7NB7FK9xaU1AZd9WsuHwxPAAruaYNfUJnQM9yCEVA1A76el,🚨 Excel จะไม่เหมือนเดิมอีกต่อไป แค่ใช้ Claude คุณสามารถสร้างสเปรดชีตที่ คิดมาให้ครบแล้วได้ใน 60 วินาที ทั้งโครงสร้าง สูตร และหน้าสรุป จบในครั้งเดียว  นี่คือ 5 prompt ที่ใช้ต่อกันแล้วได้งานระดับมืออาช,photo,18,13,0,0,2026-04-18T12:26:09.000Z
235,Thongchai Thampueak,https://www.facebook.com/chaivsai/posts/pfbid02Tj86RmHzzb11t7p22ZEx9xniJvUXPwL5DECyAFCNkkoD9vz1BVNWZn3meqWWw91Dl,🚨HeyGen เปิดตัว CLI สำหรับนักพัฒนา  เครื่องมือใหม่ที่เปลี่ยน AI agent จากแค่ “สร้างข้อความ” ให้กลายเป็น “สร้างวิดีโอพร้อมใช้งาน” ได้ทันที  สั่งงานเพียงครั้งเดียวผ่าน terminal agent จัดการให้ครบทั้ง f,photo,19,13,1,0,2026-04-14T05:07:21.000Z
195,Thongchai Thampueak,https://www.facebook.com/chaivsai/posts/pfbid02uHyg9b5tQ1wpNp6WhKJw7aLi77MYVwaEsPTMonpAphCUJW8m3e1GERXJunLSicUbl,🚨OpenAI เปิดตัว GPT-Rosalind โมเดลที่ออกแบบมาสำหรับสายวิจัยชีววิทยา ยา และการแพทย์โดยเฉพาะ  สิ่งที่น่าสนใจไม่ใช่แค่ความเก่ง แต่คือบทบาทของมันกำลังเปลี่ยนไป จากเดิม AI เอาไว้ ช่วยทำงานให้เร็วขึ้น ตอนน,photo,14,12,2,0,2026-04-17T05:37:07.000Z
146,Thongchai Thampueak,https://www.facebook.com/chaivsai/posts/pfbid02kCPFFjbmHMZxmkXWMBdPxRM191pufn38SEAkJHTAv988MsYopoKibUufR6FTTnZml,🚨เปิดตัวทางการแล้ว Kimi K2.6 รอบนี้ไม่ใช่อัปเกรดเล็ก ๆ แต่เป็นการขยับบทบาท AI ไปอีกขั้น  ตัวเลขยังแรง • SWE-Bench Pro 58.6 • Multilingual 76.7 • Math + Vision เกิน 90  แต่ของจริงอยู่ที่ capability  •,photo,22,11,1,0,2026-04-21T01:12:53.000Z
171,Thongchai Thampueak,https://www.facebook.com/chaivsai/posts/pfbid0HeCH2jUMvEraeDNudPkS8y4UYCtgb2kqARqcbFmLq1PhK7oBb2JsiZcqCYfdP1QDl,🚨การขยับจาก Opus 4.6 → 4.7 ของ Anthropic ไม่ใช่แค่ “เก่งขึ้น” แต่เป็น “เปลี่ยน profile ของความเก่ง”  ภาพรวม 4.7 ขึ้นอันดับ 1 โดยรวม → แปลว่า balance ดีขึ้น และ reasoning โดยรวมเนียนกว่าเดิม โดยเฉพาะโ,photo,16,11,1,0,2026-04-19T04:03:36.000Z
192,Thongchai Thampueak,https://www.facebook.com/chaivsai/posts/pfbid02gHZ7jZNmDdevC4JL9U3zg8JJwFUZozamVqiYYYw4sRnZEYHM4NCVAXAJZNWrkN6Xl,🚨เดือนนี้คือ AI release season ของจริง  ไม่ใช่ตามไม่ทันนะ… มัน ตั้งใจปล่อยถี่ เพื่อแย่งว่าใครนำหน้า กันชัดๆ  ล่าสุด Grok 4.3 (beta) ก็โผล่มาแบบเงียบๆ แต่เกมไม่เงียบเลย  และที่เปิดตัวไปแล้วก่อนหน้านี้,photo,20,11,0,0,2026-04-17T10:23:04.000Z
209,Thongchai Thampueak,https://www.facebook.com/chaivsai/posts/pfbid02kzucL57kmTJhG9igKmma59iQY2WNd7FZ9YeqeF6GZ8mW7S3diUuZFu7Ko5k1wSdkl,,photo,5,11,0,0,2026-04-16T09:31:48.000Z
5,Thongchai Thampueak,https://www.facebook.com/chaivsai/posts/pfbid02QojmhRhZ6TGVk8TtKcc2X6hEYd44NjC6Sv8QXe2te1orKg7ZQFm47rFdHdpiR6U6l,🚨 AI oversight แบบเดิมกำลังหลอกเรา  งานจาก The Lancet ชี้ชัดว่า human-in-the-loop ใน clinical AI ส่วนใหญ่เป็นแค่พิธีกรรม หมอไม่มีเวลาและพลังพอจะตรวจ AI จริงจัง  แต่คำตอบไม่ใช่เพิ่มคนเข้าไปอีก คำตอบคื,photo,2,10,1,0,2026-05-02T04:26:15.000Z
48,Thongchai Thampueak,https://www.facebook.com/chaivsai/posts/pfbid0273ZPhfHVnPwzxdfwPqZF8pHC16HaiF5Q5jbbZG5iJGRfMEKcXjUcsSEdFETKirzEl,,photo,9,10,0,0,2026-04-26T15:19:44.000Z
99,Thongchai Thampueak,https://www.facebook.com/chaivsai/posts/pfbid0pRTDjk8BydZ77oGgkwKwdCA5Jq4YxvjYMVWqCqoukpRw19ckiPDDKyHwmjRF8ugrl,,photo,5,10,0,0,2026-04-23T09:18:20.000Z
126,Thongchai Thampueak,https://www.facebook.com/chaivsai/posts/pfbid02ianrC3nufqMQriDJnMUzbK7LgtoaXJiMH6nPceBDxKBhZz9ufvNA4PtLr6sB26VDl,🚨Google เปิดเกมใหม่ในสาย AI Research Agent  Google ปล่อย Deep Research และ Deep Research Max ผ่าน Gemini API อย่างเป็นทางการ  ไม่ใช่แค่ upgrade ธรรมดา แต่นี่คือการทำให้ AI “คิด + ค้น + สรุป + สร้าง o,photo,18,10,0,0,2026-04-22T01:04:04.000Z
225,Thongchai Thampueak,https://www.facebook.com/chaivsai/posts/pfbid02gU9ZJTE17QbssfrgVSnrfDyz5UZXcaQWA4sgso3M39GN6wiSJxdn1dT3yaWncSoDl,,photo,6,10,0,0,2026-04-14T15:02:22.000Z
2,Thongchai Thampueak,https://www.facebook.com/chaivsai/posts/pfbid0Ffk3rLWYzE7xZtwbeH4x8qLcGBMQpRR8YRUcYXSgDeDk9SHKsgbWcWZr86oNbgEKl,🚨Microsoft Agent 365 เปิดใช้งานจริงแล้ว และนี่ไม่ใช่แค่เครื่องมือใหม่ แต่มันคือการยกระดับของระบบเดิมที่องค์กรใช้อยู่  สิ่งที่ Microsoft ทำคือ เอา identity  security  governance  management ที่เคยใช้ก,photo,12,9,1,0,2026-05-02T10:36:43.000Z
91,Thongchai Thampueak,https://www.facebook.com/chaivsai/posts/pfbid02HhoDkxqfHQZuuYYAGyGP3U1xWMjKuwGM3ksvGqeL5ajx8UkrABq1X5b2qcebhzRTl,,photo,5,9,0,0,2026-04-23T15:00:33.000Z
122,Thongchai Thampueak,https://www.facebook.com/chaivsai/posts/pfbid035dKiR4i98TcyfwMDaNoFp3ZyNPqjAfFQGqF6GcVAWpJo4Ks7VUJBL3Hi3r7vnhKDl,🚨ภาพนี้ไม่ได้มาจากห้องแล็บ แต่มาจาก AI ล้วน ๆ   นี่คือระดับใหม่ของ ChatGPT Images 2.0 รายละเอียดระดับเซลล์ครบทั้งโครงสร้างและฟังก์ชัน แบบที่เมื่อก่อนต้องใช้ทีมทั้งดีไซน์ + นักวิทย์  Pain ทำสื่อสุขภาพ,photo,29,9,5,0,2026-04-22T08:21:27.000Z
153,Thongchai Thampueak,https://www.facebook.com/chaivsai/posts/pfbid031QFoQH5ssDXQW9TNxG1CkPZVqE5zNqtVGs5Qi4aLAnWeK8ULXqQD2x58ATEKVeBDl,🚨Claude Cowork คือ AI ที่ไม่ได้แค่ตอบ แต่มันทำงานแทนคุณได้จริง  แต่คนส่วนใหญ่ใช้แล้วไม่เวิร์ค เพราะยังสั่งงานแบบ chatbot  เลยได้ output กลางๆ ไม่ได้งานที่เอาไปใช้จริง  💡วิธีใช้ให้เห็นผลต่างทันที  1.,photo,9,9,0,0,2026-04-20T10:22:12.000Z
7,Thongchai Thampueak,https://www.facebook.com/chaivsai/posts/pfbid0msujZwUfkQeppTUqAmJjqD783gwX8PnMoDq1MpNiUTqAgmrMQezAjCz3YToq29U2l,🚨AI กำลังเปลี่ยนงาน…แต่สิ่งที่อยู่รอด อาจไม่ใช่อย่างที่คุณคิด  ข้อมูลจาก McKinsey Global Institute วิเคราะห์ประกาศงานกว่า 11 ล้านรายการ พบว่า ทักษะส่วนใหญ่ไม่ได้หายไป แต่กำลังวิวัฒน์  สิ่งที่พุ่งแรงส,photo,12,8,1,0,2026-05-02T03:27:02.000Z
138,Thongchai Thampueak,https://www.facebook.com/chaivsai/posts/pfbid02HgVDAXnN9KuVZXvQLhXx2otC2srBaLKGC1PCArzwBGgPa4eA84afdk1WTjrDb6mLl,,photo,8,8,0,0,2026-04-21T10:38:44.000Z
166,Thongchai Thampueak,https://www.facebook.com/chaivsai/posts/pfbid02vVmFCKzyTybUCBtCQj2G5oPystM95uK5YJpjykTHfihKXCYJpXCL6mWmnfGa6i9Wl,🚨Hermes อัปเดตใหม่ เอาสกิลทำ infographic + design ที่คนใช้กันเยอะ มาให้ใช้ในตัว agent เลย  ตัวแรกที่มา Infographic Skill  วิธีใช้ พิมพ์ /baoyu-infographic <topic>  จบ ได้ภาพพร้อม layout ทันที  แนะนำใ,photo,19,8,0,0,2026-04-19T10:12:58.000Z
188,Thongchai Thampueak,https://www.facebook.com/reel/1613388239890664/,🚨นี่คือสิ่งที่ Visual Suite 2.0 หรือ Canva AI 2.0 ปล่อยมา ล่าสุด  🔸ทำทุกอย่างในไฟล์เดียว  จากเดิมต้องสลับ Slide / Doc / Video / Whiteboard ไปมา ตอนนี้รวมอยู่ในโปรเจกต์เดียวทั้งหมด คิด วางแผน ทำพรีเซ,video,14,8,0,647,2026-04-17T15:33:26.000Z
279,Thongchai Thampueak,https://www.facebook.com/chaivsai/posts/pfbid0JHSEZqqWVai5pLcQRrVLvTcnCqEpoQ2khDMJh2fBEzEDMpNh8mn5qgkpgqT1PCLul,🛡️ เมื่อ AI ไม่ได้แค่ หา bug แต่เริ่ม โจมตีได้จริง  Anthropic เปิดตัว Claude Mythos (Preview) โมเดลที่ขยับจากแค่ตรวจเจอช่องโหว่ → ไปสู่การ exploit ได้แบบ end-to-end  🔸ประเด็นที่ควรรู้  • จากเดิมอย่า,photo,8,8,1,0,2026-04-09T16:37:13.000Z
57,Thongchai Thampueak,https://www.facebook.com/chaivsai/posts/pfbid0kz9L7sjVhazUyP5yFNDw7267E4UzD8RYnhirEX864ULZW6hFYyP4zuVfL72mHhbsl,,photo,6,7,0,0,2026-04-26T01:08:32.000Z
123,Thongchai Thampueak,https://www.facebook.com/chaivsai/posts/pfbid02QgK56t1yodScngfgjwiho184enjrcEvJrQh76Ymky7Wq8UyKbQ6QtdYdyx35Yfwkl,สัปดาห์นี้คงมีภาพที่ Gen จาก ChatGPT เต็ม FB  ของใหม่ล่าสุด กระแสมาแรง,photo,60,7,9,0,2026-04-22T04:18:10.000Z
255,Thongchai Thampueak,https://www.facebook.com/chaivsai/posts/pfbid02YrHSUTZrvoriMW7zoKfShCS6zr8ukKEqTo8FR4JMvzseG5itmVFQKJYU9ETfNFfHl,,photo,5,7,2,0,2026-04-12T04:07:35.000Z
270,Thongchai Thampueak,https://www.facebook.com/chaivsai/posts/pfbid0qDeafUNrgJHnnhh83dzP4qYrUykH1xEbLc2AqJoxzJJ4NKr1atYUmtJ7VAC6D98Fl,มาแล้ววว 🔥  Claude ไม่ได้อยู่ในแชทอีกต่อไป…มันย้ายเข้าไปอยู่ใน Word แล้ว  จากเดิมที่เราต้องเขียนเอกสาร → copy ไปถาม AI → paste กลับ → แล้วนั่งแก้ format พังเอง ตอนนี้คือเลือกข้อความใน Word แล้วสั่งแก,photo,19,7,1,0,2026-04-11T02:19:14.000Z
74,Thongchai Thampueak,https://www.facebook.com/chaivsai/posts/pfbid0b6Tpp2UH8xwowBRQ8LBYCnGRCpsNKZUxVtNvs45xnPRXozgW3jBYmDw8PB8FVjrLl,,photo,5,6,0,0,2026-04-25T05:28:19.000Z
78,Thongchai Thampueak,https://www.facebook.com/chaivsai/posts/pfbid02m2DcvWB3ujvcjTc1rVZtjRFL9EyUuzpD6sBozVUy3JvfHh2fmygecqgGXeG4Pk7wl,🚨CapCut กำลังกลายเป็นมากกว่าแอปตัดต่อ  CapCut ใส่ GPT Image 2.0 เข้ามา แล้วสิ่งที่เปลี่ยนจริง ๆ ไม่ใช่แค่คุณภาพภาพ  แต่มันคือ “วิธีทำงาน”  จากเดิม คิด → เปิดอีกแอป → สร้างภาพ → โหลด → กลับมาตัดต่อ  ต,photo,21,6,1,0,2026-04-25T01:44:11.000Z
92,Thongchai Thampueak,https://www.facebook.com/chaivsai/posts/pfbid05abUnSe6nMrJV2GBnFA7bJDLoSk3ANkSX7iep7Ftqy7bHVGKkHW6G3iPNCkU8YfSl,,photo,5,6,0,0,2026-04-23T14:22:49.000Z
114,Thongchai Thampueak,https://www.facebook.com/chaivsai/posts/pfbid0eWMPtVh1BcSKjoeHaapGiq8Bnde7AjCysmciSegWbjqb9Ha8UbrJRcohUEEDZLxDl,,photo,1,6,0,0,2026-04-22T14:05:08.000Z
115,Thongchai Thampueak,https://www.facebook.com/chaivsai/posts/pfbid02GW1hahCmtsYtYcjAkEGH6iLV2wYS6pD2mbucRjc1BYK6ejJcgHgA1WLLSH3tVPq4l,🚨ถ้าคุณใช้ Claude ทำ 12 สิ่งนี้ได้ เรียกได้ว่าชีวิตคุณง่ายขึ้นมากแล้ว  ก่อนเริ่ม ลองเซ็ตให้พร้อม • ใช้เวอร์ชัน desktop • แผน $20 คุ้ม ถ้าใช้จริงจัง • setup ดีครั้งเดียว ใช้ยาว  👉12 อย่างที่ควรลอง  •,photo,16,6,0,0,2026-04-22T13:15:59.000Z
117,Thongchai Thampueak,https://www.facebook.com/chaivsai/posts/pfbid02Q5UTzEFsetKeVP8ipAjBgQcfJ3BiKqCBdcKZPAK8bGR4rr5UMLCJvsE3cxstvZF5l,🚨ข้อมูลสำคัญควรอยู่กับคุณ ไม่ใช่กับผู้ให้บริการ  Syncthing ซิงค์ไฟล์ข้ามอุปกรณ์แบบไม่พึ่ง cloud ส่งตรงระหว่างเครื่อง ไม่มี server กลาง ไม่เก็บข้อมูลที่ไหน  ปลอดภัยด้วย TLS + Perfect Forward Secrecy +,photo,6,6,0,0,2026-04-22T11:42:55.000Z
139,Thongchai Thampueak,https://www.facebook.com/chaivsai/posts/pfbid02UGghVa3y8hRAorEtssBbcFPMJn8t4Zzr1V3vqpSY84JGjNgPaBGk15zXWVfiNdwEl,,photo,5,6,0,0,2026-04-21T09:09:02.000Z
143,Thongchai Thampueak,https://www.facebook.com/chaivsai/posts/pfbid0R9Hg8ALUYUsEogwyWciR1iEZ7wzvovAu6fsTHJjcUj4dK26ReLijg5u1hVaw5QVLl,🚨อัปเดตใหม่ของ Claude ในโหมด Cowork ที่เริ่มขยับจากแค่ ช่วยคิดไปสู่ สร้างของใช้งานจริง แล้ว  ตอนนี้มันสามารถสร้าง live artifacts ได้เลย พวก dashboard หรือ tracker ที่เชื่อมกับแอปและไฟล์ของเราแบบเรียล,photo,12,6,3,0,2026-04-21T04:39:06.000Z
269,Thongchai Thampueak,https://www.facebook.com/chaivsai/posts/pfbid02QWUzee6GFYYUcgUaQKFx1mv4UkNWWBsFYUCozhHzBU6rUkEd2q125TdYpVup1vrHl,,photo,6,6,0,0,2026-04-11T02:33:36.000Z
273,Thongchai Thampueak,https://www.facebook.com/chaivsai/posts/pfbid0v3E6eJVuJaSrEEcagZhovKEq7b7C4Y2v3phksTcUQAgCWHELetkQQ1gy9qxypVC8l,,photo,9,6,0,0,2026-04-10T14:07:43.000Z
6,Thongchai Thampueak,https://www.facebook.com/chaivsai/posts/pfbid09cJcYv8hezRCzxQspSGi4ag7nX3EirDX9q4RxLv1taCsnng5AbMcHjFWsHyPpC81l,🚨คุณใช้ AI แบบไหนกันแน่ ผู้ช่วยคู่คิด หรือแค่ปุ่ม Auto  งานวิจัยจาก MIT บอกว่า คนใช้ AI แบ่งได้ 3 สายชัดๆ   1. ไซบอร์ก Cyborgs ทำงานไปด้วยกัน     ทำงานร่วมกับ AI แบบใกล้ชิด     ให้ AI ช่วยคิด วิเคราะ,photo,4,5,1,0,2026-05-02T03:41:01.000Z
24,Thongchai Thampueak,https://www.facebook.com/chaivsai/posts/pfbid02D9wrLZ3GBS4XWEPs6VfuxC6A1ZT8aFk4ej62hPChaBhZwdXy3DXK3iz9wXvSZX4rl,🥰NotebookLM สามารถสร้างสไลด์ได้ตามจำนวนที่กำหนดเป๊ะและได้สไตล์เดิมตลอด 20*5=100 สไลด์,photo,16,5,0,0,2026-04-30T02:11:41.000Z
65,Thongchai Thampueak,https://www.facebook.com/chaivsai/posts/pfbid02vBxkN4LcJRqUpzD59wxeABvCuUzCPnNRaY7RXeowjQsPWeHgwrw4aQUBT85HCyNyl,,photo,2,5,0,0,2026-04-25T09:40:53.000Z
85,Thongchai Thampueak,https://www.facebook.com/chaivsai/posts/pfbid0D6ztUJZWYj4K5vvtNFTjLPCJGA2czbgysauNmSgsfDLUCGoFFjVY7Dc45F6wHG2tl,,photo,1,5,0,0,2026-04-24T10:48:27.000Z
86,Thongchai Thampueak,https://www.facebook.com/chaivsai/posts/pfbid0Tw8v1HDNYd1FMNTTvWP3oZFzBMZqiQAdzDvqv61vAmN4G2gP5jQhugPAgME3Pmy8l,,photo,6,5,0,0,2026-04-24T05:10:29.000Z
102,Thongchai Thampueak,https://www.facebook.com/chaivsai/posts/pfbid0aFY7KEMFE3uL2C4DcxXvPvMi8x1vjqNKTiAZXLid9FAkckJpHnxnN5WwemejX78Wl,,photo,5,5,0,0,2026-04-23T07:10:42.000Z
105,Thongchai Thampueak,https://www.facebook.com/chaivsai/posts/pfbid02548A5SXiVjsyhV7T19gjgXXgZbPjvNTPMcuFcuZN43owW74ZoLGwXvqi82WkuHKkl,,photo,4,5,0,0,2026-04-23T00:40:44.000Z
109,Thongchai Thampueak,https://www.facebook.com/chaivsai/posts/pfbid02Rrtv4vMLysaBcLyrZiEfuXtvixyqivo2RMn8gr1fT9yUNoLyX6o1bjy3cpXH22ecl,,photo,3,5,0,0,2026-04-23T00:13:52.000Z
128,Thongchai Thampueak,https://www.facebook.com/chaivsai/posts/pfbid0eZX4Z8wNGSNConhgV5DjgBJNLoeHSjDCUtoBCwnw7pGQgar5q9qK6qpr6ETUBWGbl,🚨เปิดตัวอย่างเป็นทางการแล้ว - เกมสร้างภาพขยับอีกขั้น   ChatGPT Images 2.0 โมเดลสร้างภาพตัวล่าสุดที่ดันเพดานขึ้นไปอีกระดับ ไม่ใช่แค่สวย ใช้จริงในงานได้เลย  • จัด layout ซับซ้อนได้ (โปสเตอร์ / UI / inf,photo,18,5,0,0,2026-04-22T00:15:35.000Z
180,Thongchai Thampueak,https://www.facebook.com/chaivsai/posts/pfbid023Q8S2XkvJKTejHykryZMGEnUvPLGLorwWL7uTSuy8xVjbPKDxSQx218VgZBNwLkSl,,photo,5,5,0,0,2026-04-18T07:13:07.000Z
216,Thongchai Thampueak,https://www.facebook.com/chaivsai/posts/pfbid0vthV47PorRpjrk7C21gJg1rvrweSNrcuK2uMoyqDSvJGStv1SrdAFtaG9zQ6xR7ql,🚨Key Takeaways จาก Stanford Institute for Human-Centered Artificial Intelligence AI Index Report 2026  • AI ไม่ได้ชะลอ กำลังเร่งแบบก้าวกระโดด  • ระดับความสามารถเริ่มชนมนุษย์ในหลายงาน  • US vs China g,photo,8,5,1,0,2026-04-15T07:31:17.000Z
259,Thongchai Thampueak,https://www.facebook.com/chaivsai/posts/pfbid02oSzMvWPSjpieJaVLa1G4kamtjaGrcXAUuyqPpkCyC5SnpkC5nrTdysGH6cTjiJ5Gl,,photo,1,5,0,0,2026-04-11T17:03:13.000Z
294,Thongchai Thampueak,https://www.facebook.com/chaivsai/posts/pfbid032dgMkpgV2GZWfVBikp5zUUMMfepatmfe5TDF4Sa9sbKYc5NNkTNxM6n2Vfng8UE2l,,photo,3,5,0,0,2026-04-08T07:10:04.000Z
50,Thongchai Thampueak,https://www.facebook.com/chaivsai/posts/pfbid0j4Cnk98W84YQq4EKM4xESzMBg2JLhKZsxUHv9HK4HNs4WwphBFGLYdNdSTdea2GBl,,photo,4,4,0,0,2026-04-26T13:46:56.000Z
59,Thongchai Thampueak,https://www.facebook.com/chaivsai/posts/pfbid037rC2gyf6mNahdSKiwXEAvncLWbuK4gjuS1g5zopDxv28bVMRggEs2tVSWPM6TaRAl,,photo,3,4,0,0,2026-04-26T01:04:08.000Z
67,Thongchai Thampueak,https://www.facebook.com/chaivsai/posts/pfbid0QSt2VB5s3i7awPVMK4cL8Pb8hnD1gpfMiMoFBfEZDgYsUqRpVBTWCtMi3DHkRrpGl,,photo,2,4,0,0,2026-04-25T09:05:16.000Z
77,Thongchai Thampueak,https://www.facebook.com/chaivsai/posts/pfbid03nBzph7ZG3jCJpjtGb7paRMjhTpKQ8kHChwLzo49yRmw1eFxSMEeDAhSLEmmHcxyl,🚨GPT-5.5 มาแล้วใน API  รอบนี้ไม่ใช่แค่ตอบเก่งขึ้น แต่ จบงานได้จริง มากขึ้น งานซับซ้อนใช้รอบน้อยลง = ประหยัด token แบบเงียบๆ แต่แรง  OpenAI ปล่อยทั้ง GPT-5.5 และ 5.5 Pro ลง API + Playground แล้ว  ราคา,photo,13,4,0,0,2026-04-25T02:13:41.000Z
107,Thongchai Thampueak,https://www.facebook.com/chaivsai/posts/pfbid0zLzP7oaUV8d6nhU2RJCfo6diu5joBrPg1ndpgh62o7XagfoKhxQCdtSJQmm1NnYdl,🚨OpenAI เพิ่งอัปเดตแผนเรื่อง compute  ต้นปี 2025 ตั้งเป้าไว้ 10GW ตอนนี้หาพื้นที่รองรับได้แล้วกว่า 8GW และกำลังขยับเป้าไปที่ 30GW ภายในปี 2030  ตัวเลขนี้สะท้อนชัดว่า ความต้องการใช้ AI โตเร็วมากจริงๆ ,photo,6,4,0,0,2026-04-23T00:33:50.000Z
125,Thongchai Thampueak,https://www.facebook.com/chaivsai/posts/pfbid0K4ybCMZXd5W7bFRepZacUtPCkG5us6k3e6fnPGtTk4pqPSAGzzq6YYxqiFyGsrDul,,photo,1,4,0,0,2026-04-22T04:09:13.000Z
152,Thongchai Thampueak,https://www.facebook.com/chaivsai/posts/pfbid0QWhhT2rshWFwiVCdSvE9LNyttJ2Fm8UdgvupL2FVHCWDRZVuCtyzYM2hJF6Bxfo6l,,photo,1,4,0,0,2026-04-20T13:13:02.000Z
162,Thongchai Thampueak,https://www.facebook.com/chaivsai/posts/pfbid0eT5NQR3mLCEV8jr4fKhobvgA65B2Buf7FWXEr3PmvUNDGRx5wGfZ9mKcDJvFGfTul,,photo,3,4,0,0,2026-04-19T13:39:44.000Z
181,Thongchai Thampueak,https://www.facebook.com/chaivsai/posts/pfbid02Pgyd8UnJQikpu9U9p3zA4PKzZQ1NJxcwDgcUbNoM846hf8PshR77GMdRYeFs5ANtl,,photo,5,4,2,0,2026-04-18T00:09:12.000Z
207,Thongchai Thampueak,https://www.facebook.com/chaivsai/posts/pfbid02dCn5X2WoKWGQ4Dw2PPri1ibZypvpG3BqE3YrwNXdJmwZoXkKBVc6yK23JQpW72Mbl,,photo,3,4,0,0,2026-04-16T10:21:57.000Z
249,Thongchai Thampueak,https://www.facebook.com/chaivsai/posts/pfbid0aegxUCMU3UyngCncjiJjqD46r9L4Bh7P9yW5BPhNq2bbeMaq1YEextCDgqHeR2hwl,,photo,6,4,0,0,2026-04-12T14:19:34.000Z
1,Thongchai Thampueak,https://www.facebook.com/chaivsai/posts/pfbid0VvgWSwN2by5R52eezid9C8ejwcKw3tCC99iQmhZnTZusV3UbphdHfCUyjnE1W4erl,🚨 วิธีใช้ Claude (หรือ AI ตัวไหนก็ได้) แบบไม่โดน limit เล่นงาน  • 1. วางแผนก่อนยิง prompt อย่าใช้โมเดลแพงคิดแทนสมองเรา ใช้ model เบาๆ brainstorm → ค่อยเอาโจทย์ชัดๆ ไปให้ตัวเทพทำงาน ต่างกันระดับ 50–70,photo,5,3,1,0,2026-05-02T12:45:53.000Z
13,Thongchai Thampueak,https://www.facebook.com/chaivsai/posts/pfbid022P3dvtSr3t68s34tyvamFtjiM1XcWsW27A5k3vtbTg7egoFdE3tn5F4Vntf1tHzxl,,photo,4,3,0,0,2026-05-01T13:46:54.000Z
46,Thongchai Thampueak,https://www.facebook.com/chaivsai/posts/pfbid0phqMA9LPEVKPrXcrE98v8b44kn3W6wFXx3qo2XmQzvdJhZREmtHvGHvtUZkBYu9bl,,photo,2,3,0,0,2026-04-26T16:38:41.000Z
71,Thongchai Thampueak,https://www.facebook.com/chaivsai/posts/pfbid07m4U58d7qScDvREHqqk11yyRN7NjDgUuxfH34H1x7F4n4imE82kbrDEjLonSrJBel,,photo,4,3,0,0,2026-04-25T07:29:43.000Z
93,Thongchai Thampueak,https://www.facebook.com/chaivsai/posts/pfbid06SHXxf3ZBxbLbw3d4Woks2S9VYrHhbMNBKy67TPfH7at4x9m1rN1stMh8zxST5dVl,,photo,1,3,0,0,2026-04-23T13:48:26.000Z
106,Thongchai Thampueak,https://www.facebook.com/chaivsai/posts/pfbid0VSWGFR15F9exNcxX5r6zkkpLsekQhE3sTwSZZqCU8JdVydwRV4DaHnzfU59dyfgZl,🚨Xiaomi เดินเกม AI agent หนักขึ้นอีกขั้นกับ MiMo-V2.5 Series  MiMo-V2.5-Pro คือรุ่นท็อป อัปเกรดจาก V2-Pro แบบเห็นชัด งานเอเจนต์จริงจัง ทำงานซับซ้อน เขียนโค้ด และงานยาวต่อเนื่องได้ดีขึ้นมาก ระดับไปชนโ,photo,13,3,1,0,2026-04-23T00:36:11.000Z
112,Thongchai Thampueak,https://www.facebook.com/chaivsai/posts/pfbid02PgecysWyd9kvBQrCKA7ka9kwm6uez51kSqAzwXLS6pBnosJ9G7CzFxMcAqt35VY2l,,photo,2,3,0,0,2026-04-22T15:08:10.000Z
121,Thongchai Thampueak,https://www.facebook.com/chaivsai/posts/pfbid0fbatXqgWhyj2x6AtX6nMpmKbKxSBUwetU12JNrfK15pwTEkCAjE6VAycg9Rp2Z3il,,photo,2,3,0,0,2026-04-22T08:25:01.000Z
135,Thongchai Thampueak,https://www.facebook.com/chaivsai/posts/pfbid0Hy66Fo3NXa355hGyppAAXpECgtzQjJm13XMc2ja1qku74vEaT6q3ERqQReeJCmWxl,,photo,6,3,0,0,2026-04-21T11:36:41.000Z
154,Thongchai Thampueak,https://www.facebook.com/chaivsai/posts/pfbid0bstsVa5dBN8u9qnfYgeQ439Dbe6FAtK8rmNnUfnPG692nfpYaS7XrX9yZkyeXnBxl,,photo,1,3,0,0,2026-04-20T10:18:58.000Z
184,Thongchai Thampueak,https://www.facebook.com/chaivsai/posts/pfbid02qxnXQJbfx9vx7eTr8S7ordV5qzzc5NyxAPoWEBU2HaY8xAimtYMwrYpE8mi3j68Sl,,photo,0,3,0,0,2026-04-17T23:45:13.000Z
221,Thongchai Thampueak,https://www.facebook.com/chaivsai/posts/pfbid0vrQU1rYYMqqpSwcJyodZ6NSvnx1inogrWsEoxH58yAKyUWqe7FgZv6e2AcMuZ6E2l,,photo,3,3,0,0,2026-04-14T16:45:14.000Z
243,Thongchai Thampueak,https://www.facebook.com/chaivsai/posts/pfbid02YCc9QYBce6uwMc3YZgDRDAaXCFYyodAZ2sfrTiYuCmr6XZB4T5EHRTvznb5XjeJBl,,photo,4,3,0,0,2026-04-13T06:31:28.000Z
247,Thongchai Thampueak,https://www.facebook.com/chaivsai/posts/pfbid0S7y7oM3WNARLuSxwDfxz5DmR9h45y8ihzKycdKFnHfW1FQngLzr7mXEHxXbuGMLzl,,photo,8,3,0,0,2026-04-12T17:43:34.000Z
277,Thongchai Thampueak,https://www.facebook.com/chaivsai/posts/pfbid0cLS5WpUrmmM2YH7RUGt6kf6FaLbAprNdk9nryTrKRREvJH9FqYZeVoTumrJrxVSdl,,photo,4,3,0,0,2026-04-10T01:19:54.000Z
284,Thongchai Thampueak,https://www.facebook.com/chaivsai/posts/pfbid02gnH2r6WbDhus7S8G3Zc22aPx118Q244W6XPYzcyXzYrvE9ZTp26Rp13mDb97R7VFl,,photo,7,3,0,0,2026-04-09T10:15:34.000Z
28,Thongchai Thampueak,https://www.facebook.com/chaivsai/posts/pfbid0EBFNfpm3ic4GWmGKMcgwZ8SgW14znojDm6ioazjCLZoBd6pCfYfUAJzHJwCaQiuMl,🚨ข่าว ดีลล่าสุดระหว่าง OpenAI x Microsoft คือสัญญาณชัดว่าเกมเปลี่ยนแล้ว  สรุปให้เข้าใจสั้นๆ  • Azure ยังเป็น cloud หลัก OpenAI ยังปล่อยของใหม่บน Azure ก่อนเหมือนเดิม  • แต่ OpenAI “ไม่ล็อกตัวเองแล้ว”,photo,19,2,1,0,2026-04-29T10:10:07.000Z
66,Thongchai Thampueak,https://www.facebook.com/chaivsai/posts/pfbid02RyzfPL3oAPPZTZ1tPkRLeiDdsoKTDWvJCkU7hioBaoEscQLtKi9KmZrjnMQzLidel,,photo,5,2,0,0,2026-04-25T09:25:17.000Z
69,Thongchai Thampueak,https://www.facebook.com/chaivsai/posts/pfbid0PLZC1oYcEbvnccuRTiCDQL5iFrrzWV13pekVzYmYEo6u42zqXwTUJv962a9NxuPsl,,photo,1,2,0,0,2026-04-25T08:15:14.000Z
101,Thongchai Thampueak,https://www.facebook.com/chaivsai/posts/pfbid0VVteYw3BrvkpMCv8tT74BwLrNhSXSqTHYnJ9KDiR3iKwJEXfiU1Bz2oG9yFGpAgrl,,photo,3,2,0,0,2026-04-23T08:35:19.000Z
111,Thongchai Thampueak,https://www.facebook.com/chaivsai/posts/pfbid02AJPE1JrvmsCo2NoF2wu3dFFqE5dCPYG5geg7fhdbpWHX7qfoz8d5b4SWunAQuJBnl,คิดว่า ChatGPT น่าจะออกเครื่องมือสร้าง infographic และ Slide deck ตามมาหลังจากนี้ เพราะ Model ภาพล่าสุด ดีมากเลย,photo,55,2,4,0,2026-04-22T15:16:56.000Z
145,Thongchai Thampueak,https://www.facebook.com/chaivsai/posts/pfbid0sUhabSRJt2Mxtbsg8qnWi2BAvJFTaEsPDUUvQfGPsQ9ipGVWJafPfoh54j4KJyyXl,🚨Alibaba Cloud ปล่อย Qwen3.6-Max-Preview รุ่นทดลองของ flagship ตัวถัดไป  รอบนี้โฟกัสชัดไปที่ agent ใช้งานจริงมากขึ้น  • เขียนโค้ดแบบ agent ดีขึ้นจาก Qwen3.6-Plus • เข้าใจคำสั่งและ context แม่นขึ้น • ,photo,11,2,1,0,2026-04-21T02:16:31.000Z
203,Thongchai Thampueak,https://www.facebook.com/chaivsai/posts/pfbid02zeMS5a3NpewfD2D3k4hGyaBfyQeQx43g6HRQRvJGz9azQNPHuixCwrrhp97GWjBhl,,photo,9,2,0,0,2026-04-16T13:19:06.000Z
212,Thongchai Thampueak,https://www.facebook.com/chaivsai/posts/pfbid0PmZigDNzqLJiEhLqgMyeNvspMTYTntV7S9vSfRg3Z2RruYWKRNv85AKAixopiyfrl,,photo,2,2,0,0,2026-04-15T14:35:31.000Z
230,Thongchai Thampueak,https://www.facebook.com/chaivsai/posts/pfbid0xNKTjmU1rZ6hsnjFLeTHLpQf5Gkf2S55NXFJx94ysXJ7a4QNjkHRGRkw2f7nvpKcl,,photo,2,2,0,0,2026-04-14T10:32:45.000Z
261,Thongchai Thampueak,https://www.facebook.com/chaivsai/posts/pfbid02GkeUsrLaJAhkwoPMm19Eok3cCd3JdZob1pdm92fa5wG6Jy5bX4thNge71hSY7ewAl,,photo,1,2,0,0,2026-04-11T13:32:37.000Z
292,Thongchai Thampueak,https://www.facebook.com/chaivsai/posts/pfbid032ymrC7Z1qgVb7MARMJ1j6a5MbXgft1XCaP3tkAAp4xtzhyJiEjdFPVUvvN1AYuxzl,,photo,3,2,0,0,2026-04-08T08:48:05.000Z
293,Thongchai Thampueak,https://www.facebook.com/chaivsai/posts/pfbid03KYRz1KSuC3StVjaMY7zCNNDxmfEAUGTDDawonjFPGfW7QNeKnmJCqSqNz5M1EeUl,,photo,2,2,0,0,2026-04-08T08:05:27.000Z
298,Thongchai Thampueak,https://www.facebook.com/chaivsai/posts/pfbid0sUGGVs3K1M8jt1ekmP3VBdtTNcAAPYy1VpdPHuffSv87WPqgse8PASSNy7SSGqUSl,,photo,2,2,0,0,2026-04-07T23:16:40.000Z
37,Thongchai Thampueak,https://www.facebook.com/chaivsai/posts/pfbid0aVJEz15x3NdTzAQrDmDPvm4eAsVySu66aCBeFjEjvCTzEs1e7hXTsvF2mepP3okBl,,photo,5,1,0,0,2026-04-27T15:22:21.000Z
44,Thongchai Thampueak,https://www.facebook.com/chaivsai/posts/pfbid0fxShDKCNBts97J87b1KkBSNujPu3MKNKPNrC9mPmqXWomnLrtBDosWka96yiQPyXl,,photo,1,1,0,0,2026-04-27T00:40:29.000Z
52,Thongchai Thampueak,https://www.facebook.com/chaivsai/posts/pfbid02djaKUBMF7x4zRhDaHmkbAwcAhQjzehhH38u2zhU1fEnRiSUpwkFwNS8qnXRb2yyKl,,photo,1,1,0,0,2026-04-26T09:27:03.000Z
73,Thongchai Thampueak,https://www.facebook.com/chaivsai/posts/pfbid0Ms9rfKLrFehTXGYepMRHUADvkr6zyYsxHpWE7wbWivdDiFdAX3dD2ewcGgF36UhQl,,photo,3,1,0,0,2026-04-25T05:34:06.000Z
108,Thongchai Thampueak,https://www.facebook.com/chaivsai/posts/pfbid02nCoVKn9WvYJ51cFyi5oL8RcDfQDvEsdK2fJdJRTb44ea9LzXMGW76YH1jnapyEApl,,photo,1,1,0,0,2026-04-23T00:33:18.000Z
130,Thongchai Thampueak,https://www.facebook.com/chaivsai/posts/pfbid0bG5Fw6XYfysHxdjeov2CNRThKmv9abnkzCJeWzsUsC6dvrhFrbM1LDBErEd7Syo9l,,photo,1,1,0,0,2026-04-21T15:58:59.000Z
134,Thongchai Thampueak,https://www.facebook.com/chaivsai/posts/pfbid0YXigsEALY2bEq1mLq4dfrDw2zTYSdivat75QRJpVJ6ZwMmviPDZxGsWZMmv3T6pWl,👀,photo,6,1,0,0,2026-04-21T12:14:56.000Z
187,Thongchai Thampueak,https://www.facebook.com/chaivsai/posts/pfbid02ghadx9RBTeWkmYm7vR53yfdnW9neEsSFGEFNf3cRxKpopJi74sGsjpSKDJ8iuyq7l,,photo,4,1,0,0,2026-04-17T15:44:49.000Z
197,Thongchai Thampueak,https://www.facebook.com/chaivsai/posts/pfbid02LvDhe9p3rBJWT7P9dRWQxH4w4HddR7PGkWFpsuQ3f2WnXfgsPquQ8retASoT8Aefl,,photo,2,1,0,0,2026-04-16T16:02:37.000Z
201,Thongchai Thampueak,https://www.facebook.com/chaivsai/posts/pfbid0cBoeqaDZbBZFMSijXtsuDUqTBzppHfkniaADnCNxfzGsqtLhuC8W7go2BSXAtdxMl,,photo,2,1,0,0,2026-04-16T15:16:57.000Z
226,Thongchai Thampueak,https://www.facebook.com/chaivsai/posts/pfbid02W4DWPhYKE6o7ogs6Wbc7u3REGhPgRVJQVWF3Kz6kHdjZPzSbJrHwV1yRnVUEFqNal,,photo,2,1,0,0,2026-04-14T14:37:49.000Z
229,Thongchai Thampueak,https://www.facebook.com/chaivsai/posts/pfbid0p4mnuR57gc3PpWvFuuEz5x4urrE8iXLi8FeG9RUMNJ684fUZ2FYhEi3CgbavDKKl,,photo,2,1,0,0,2026-04-14T10:43:58.000Z
290,Thongchai Thampueak,https://www.facebook.com/chaivsai/posts/pfbid022ocq4VG8wFsbnzz99HTjH3o63QNAT75DWnFLLFFCBk9Wv8YsiGUWcwNkrLoezGyvl,,photo,3,1,0,0,2026-04-08T12:08:12.000Z
299,Thongchai Thampueak,https://www.facebook.com/chaivsai/posts/pfbid0u2ueE5UFZ6qJ81jKsRxPenB1odM86XoE7Rt2WZPF4AxrfcAgap5hXk1tD3ahXMPNl,,photo,3,1,0,0,2026-04-07T23:16:26.000Z
300,Thongchai Thampueak,https://www.facebook.com/chaivsai/posts/pfbid08NSk6oA6dKCS42PSSMnSJtxMeKiWDxAYRgsHXVmQEqvBqzinAFjAgFubXX5fUgkRl,2 สัปดาห์นี้…โลกต้องลุ้น 🔥 ดีลระหว่าง United States และ Iran จะจบสงคราม หรือแค่พักหายใจกัน?,photo,2,1,0,0,2026-04-07T23:15:04.000Z
15,Thongchai Thampueak,https://www.facebook.com/chaivsai/posts/pfbid0gvgoMgtJJDCemabKfCtZL5q4Ev5BZmagMAvaGjpsbK3igBbYpUmFzkHK4DZy1WTCl,วิทยากรการใช้ AI เพื่อสนับสนุนการพัฒนาผลงานนวัตกรรม สถาบันโรคผิวหนัง กรมการแพทย์,photo,6,0,0,0,2026-05-01T10:09:47.000Z
20,Thongchai Thampueak,https://www.facebook.com/reel/1818783129527591/,🚨นั่นไงมาแล้ว สร้างสไลด์ด้วย GPT Image 2   นี่แหละ จุดที่การทำสไลด์กำลังเปลี่ยนเกมแบบจริงจัง  ตอนนี้ใช้ GPT Image 2 บน Manus Slides คุณแทบไม่ต้อง “นั่งจัดสไลด์” อีกต่อไป  • แก้ข้อความหรือภาพได้ตรงจุด,video,5,0,0,298,2026-04-30T06:11:17.000Z
60,Thongchai Thampueak,https://www.facebook.com/chaivsai/posts/pfbid0qLkJYeSD2ETodg2cV1jgoeQTpS7QvXC76wv6cTFj53QECQntpVZHJ2ikGXHBqzbil,,photo,1,0,0,0,2026-04-25T15:56:04.000Z
118,Thongchai Thampueak,https://www.facebook.com/chaivsai/posts/pfbid0L91QdUFWwNEf9u5p3EZ91NDNxoTmxnKQR7mhQGrL2xZAbHjLCxSuXvMeobXRFmNul,,photo,1,0,0,0,2026-04-22T09:38:12.000Z
127,Thongchai Thampueak,https://www.facebook.com/reel/937313455964648/,🚨เปิดตัวแล้ว และขึ้นอันดับ 1 ไปเลยแบบไม่ต้องลุ้น  Introducing ChatGPT Images 2.0  โมเดลสร้างภาพรุ่นใหม่ที่ไม่ได้แค่ “สวย” แต่ “คิดเป็น” จัดการงานภาพซับซ้อนได้ครบ ตั้งแต่ generate → edit → layout ในตั,video,1,0,0,220,2026-04-22T00:25:04.000Z
169,Thongchai Thampueak,https://www.facebook.com/chaivsai/posts/pfbid0A4dBEzfVENeGrBxx3uj6PdfKWvdihLYMchQEqQnvtRJ5THaJ6JHDNwvszJ4tUr8fl,,photo,1,0,0,0,2026-04-19T07:36:24.000Z
223,Thongchai Thampueak,https://www.facebook.com/reel/947493824847741/,ขับรถกลับบ้าน เจอลิงลม กำลังข้ามถนน เบรคทันที ถ่ายวีดีโอพฤติกรรมเก็บไว้ ปัจจุบันไม่ได้พบเห็นบ่อย  ลิงลม หรือนางอาย (Slow Loris) เป็นสัตว์เลี้ยงลูกด้วยน้ำนม อยู่ในวงศ์ Lorisidae ในอันดับไพรเมต (Primate,video,10,0,0,329,2026-04-14T15:04:49.000Z
224,Thongchai Thampueak,https://www.facebook.com/reel/2443393052842904/,ลิงลม หรือนางอาย (Slow Loris) เป็นสัตว์เลี้ยงลูกด้วยน้ำนม อยู่ในวงศ์ Lorisidae ในอันดับไพรเมต (Primates) และเป็นสัตว์ประเภทลิงชนิดเดียวของโลกที่มีพิษในตัว พบได้ในป่าของภูมิภาคเอเชียใต้และเอเชียตะวันออ,video,7,0,0,228,2026-04-14T15:02:57.000Z
262,Thongchai Thampueak,https://www.facebook.com/chaivsai/posts/pfbid021E6kqR9u85JdFUPNePRJ2XEjsaTVt731Ah57WJ2s54uyBn18YH5QGQCtFVKLoBNpl,,photo,1,0,0,0,2026-04-11T13:29:22.000Z
267,Thongchai Thampueak,https://www.facebook.com/chaivsai/posts/pfbid03819TWqBijKwjRFm5gmMLFP8ERGsrJHwPDosBJvDQgWU2Frft46eyVAySqysbpppHl,,photo,3,0,0,0,2026-04-11T03:33:47.000Z